product_names,links,product_price,index_,price_old_dix,price_old_list,discount_dix,discount_list,discount_dix_Student,discount_list_Student,Brand
Laptop ASUS TUF Gaming A14 FA401WV-RG061WS - Chỉ có tại CellphoneS,https://cellphones.com.vn/laptop-asus-tuf-gaming-a14-fa401wv-rg061ws.html,44.990.000đ,1,1.0,,1.0,,1.0,800.000đ,Laptop ASUS
Laptop Acer Aspire 3 A314-42P-R3B3 NX.KSFSV.001,https://cellphones.com.vn/laptop-acer-aspire-3-a314-42p-r3b3.html,11.990.000đ,2,2.0,13.990.000đ,2.0,Giảm 14%,2.0,480.000đ,Laptop Acer
Apple MacBook Air M2 2022 8GB 256GB I Chính hãng Apple Việt Nam,https://cellphones.com.vn/macbook-air-m2-2022.html,23.990.000đ,3,3.0,24.990.000đ,3.0,Giảm 4%,3.0,500.000đ,Apple MacBook
Apple MacBook Air M1 256GB 2020 I Chính hãng Apple Việt Nam,https://cellphones.com.vn/macbook-air-2020-m1.html,17.990.000đ,4,4.0,22.990.000đ,4.0,Giảm 22%,4.0,500.000đ,Apple MacBook
Laptop ASUS VivoBook Go 14 E1404FA-NK177W,https://cellphones.com.vn/laptop-asus-vivobook-go-14-e1404fa-nk177w.html,12.390.000đ,5,5.0,14.490.000đ,5.0,Giảm 14%,5.0,496.000đ,Laptop ASUS
Laptop HP Pavilion 15-EG3111TU 8U6L8PA,https://cellphones.com.vn/laptop-hp-pavilion-15-eg3111tu-8u6l8pa.html,18.490.000đ,6,6.0,21.290.000đ,6.0,Giảm 13%,6.0,740.000đ,Laptop HP
Laptop HP 240 G9 9E5W3PT,https://cellphones.com.vn/laptop-hp-240-g9-9e5w3pt.html,13.990.000đ,7,7.0,16.990.000đ,7.0,Giảm 18%,7.0,560.000đ,Laptop HP
Laptop Lenovo Ideapad Slim 5 14IAH8 83BF002NVN,https://cellphones.com.vn/laptop-lenovo-ideapad-slim-5-14iah8-83bf002nvn.html,15.990.000đ,8,8.0,17.290.000đ,8.0,Giảm 8%,8.0,640.000đ,Laptop Lenovo
Laptop Lenovo IdeaPad Flex 5 14IAU7 82R700JQVN,https://cellphones.com.vn/laptop-lenovo-ideapad-flex-5-14iau7-82r700jqvn.html,11.490.000đ,9,9.0,15.990.000đ,9.0,Giảm 28%,9.0,460.000đ,Laptop Lenovo
MacBook Air M3 13 inch 2024 8GB - 256GB | Chính hãng Apple Việt Nam,https://cellphones.com.vn/macbook-air-m3-13-inch-2024.html,26.990.000đ,10,10.0,27.990.000đ,10.0,Giảm 4%,10.0,500.000đ,MacBook Air
Laptop Lenovo LOQ 15IAX9 83GS001RVN,https://cellphones.com.vn/laptop-lenovo-loq-15iax9-83gs001rvn.html,21.590.000đ,11,11.0,23.990.000đ,11.0,Giảm 10%,11.0,800.000đ,Laptop Lenovo
Laptop ASUS Gaming VivoBook K3605ZF-RP634W,https://cellphones.com.vn/laptop-asus-gaming-vivobook-k3605zf-rp634w.html,17.290.000đ,12,12.0,20.990.000đ,12.0,Giảm 18%,12.0,692.000đ,Laptop ASUS
Laptop Dell Inspiron 15 3520,https://cellphones.com.vn/laptop-dell-inspiron-15-3520-25p2312.html,16.490.000đ,13,13.0,16.990.000đ,13.0,Giảm 3%,13.0,660.000đ,Laptop Dell
Laptop ASUS Vivobook 14 OLED A1405ZA-KM263W,https://cellphones.com.vn/laptop-asus-vivobook-14-oled-a1405za-km263w.html,18.490.000đ,14,14.0,20.490.000đ,14.0,Giảm 10%,14.0,740.000đ,Laptop ASUS
Apple MacBook Air M2 2022 16GB 256GB I Chính hãng Apple Việt Nam,https://cellphones.com.vn/macbook-air-m2-2022-16gb.html,28.990.000đ,15,15.0,29.990.000đ,15.0,Giảm 3%,15.0,500.000đ,Apple MacBook
Laptop ASUS TUF Gaming F15 FX507ZC4-HN074W,https://cellphones.com.vn/laptop-asus-tuf-gaming-f15-fx507zc4-hn074w.html,18.990.000đ,16,16.0,25.990.000đ,16.0,Giảm 27%,16.0,760.000đ,Laptop ASUS
Laptop Gaming Acer Nitro 5 Tiger AN515 58 52SP,https://cellphones.com.vn/laptop-gaming-acer-nitro-5-tiger-an515-58-52sp.html,19.490.000đ,17,17.0,28.300.000đ,17.0,Giảm 31%,17.0,780.000đ,Laptop Gaming
Laptop ASUS Vivobook 14 OLED A1405ZA-KM264W,https://cellphones.com.vn/laptop-asus-vivobook-14-oled-a1405za-km264w.html,16.290.000đ,18,18.0,17.990.000đ,18.0,Giảm 9%,18.0,652.000đ,Laptop ASUS
Laptop Lenovo LOQ 15IAX9 83GS001SVN,https://cellphones.com.vn/laptop-lenovo-loq-15iax9-83gs001svn.html,19.290.000đ,19,19.0,20.990.000đ,19.0,Giảm 8%,19.0,772.000đ,Laptop Lenovo
Laptop ASUS Gaming VivoBook K3605ZC-RP564W,https://cellphones.com.vn/laptop-asus-gaming-vivobook-k3605zc-rp564w.html,19.290.000đ,20,20.0,25.290.000đ,20.0,Giảm 24%,20.0,772.000đ,Laptop ASUS
Laptop Acer Aspire 3 A315-59-381E,https://cellphones.com.vn/laptop-acer-aspire-3-a315-59-381e.html,9.490.000đ,21,21.0,11.990.000đ,21.0,Giảm 21%,21.0,380.000đ,Laptop Acer
Laptop Acer Aspire 7 A715-76G-5806,https://cellphones.com.vn/laptop-acer-aspire-7-a715-76g-5806.html,18.790.000đ,22,22.0,22.990.000đ,22.0,Giảm 18%,22.0,752.000đ,Laptop Acer
Laptop ASUS Zenbook S 14 OLED UX5406SA-PV140WS,https://cellphones.com.vn/laptop-asus-zenbook-s-14-oled-ux5406sa-pv140ws.html,44.990.000đ,23,,,,,23.0,800.000đ,Laptop ASUS
Laptop Acer Gaming Aspire 7 A715-76-53PJ,https://cellphones.com.vn/laptop-acer-gaming-aspire-7-a715-76-53pj.html,15.490.000đ,24,24.0,16.990.000đ,24.0,Giảm 9%,24.0,620.000đ,Laptop Acer
Laptop HP 15S-FQ5231TU 8U241PA,https://cellphones.com.vn/laptop-hp-15s-fq5231tu-8u241pa.html,10.490.000đ,25,25.0,11.990.000đ,25.0,Giảm 13%,25.0,420.000đ,Laptop HP
MacBook Pro 14 M3 Pro 18GB - 512GB | Chính hãng Apple Việt Nam,https://cellphones.com.vn/macbook-pro-14-inch-m3-pro-2023-18gb-512gb.html,48.790.000đ,26,26.0,49.990.000đ,26.0,Giảm 2%,26.0,500.000đ,MacBook Pro
Laptop ASUS Vivobook S 14 OLED M5406WA-PP071WS,https://cellphones.com.vn/laptop-asus-vivobook-s-14-oled-m5406wa-pp071ws.html,31.990.000đ,27,27.0,33.990.000đ,27.0,Giảm 6%,27.0,800.000đ,Laptop ASUS
Laptop Dell Inspiron 15 3520 6R6NK - Nhập khẩu chính hãng,https://cellphones.com.vn/laptop-dell-inspiron-15-3520-6r6nk.html,13.490.000đ,28,28.0,14.490.000đ,28.0,Giảm 7%,28.0,540.000đ,Laptop Dell
Laptop Acer Aspire 3 A315-58-53S6 NX.AM0SV.005,https://cellphones.com.vn/laptop-acer-aspire-3-a315-58-53s6.html,9.990.000đ,29,29.0,15.990.000đ,29.0,Giảm 38%,29.0,400.000đ,Laptop Acer
Laptop Lenovo IdeaPad Slim 3 14IAH8 83EQ0009VN,https://cellphones.com.vn/laptop-lenovo-ideapad-slim-3-14iah8-83eq0009vn.html,15.290.000đ,30,30.0,16.490.000đ,30.0,Giảm 7%,30.0,612.000đ,Laptop Lenovo
Laptop ASUS TUF Gaming A15 FA506NF-HN005W,https://cellphones.com.vn/laptop-asus-tuf-gaming-a15-fa506nf-hn005w.html,15.990.000đ,31,31.0,19.990.000đ,31.0,Giảm 20%,31.0,640.000đ,Laptop ASUS
Laptop MSI Cyborg 15 A12UCX-618VN,https://cellphones.com.vn/laptop-msi-cyborg-15-a12ucx-618vn.html,16.990.000đ,32,32.0,19.990.000đ,32.0,Giảm 15%,32.0,680.000đ,Laptop MSI
Laptop ASUS VivoBook 15 OLED A1505VA-L1114W,https://cellphones.com.vn/laptop-asus-vivobook-15-oled-a1505va-l1114w.html,17.490.000đ,33,33.0,20.990.000đ,33.0,Giảm 17%,33.0,700.000đ,Laptop ASUS
Laptop Dell Inspiron 15 3520-5810BLK 102F0,https://cellphones.com.vn/laptop-dell-inspiron-15-3520-5810blk-102f0.html,12.990.000đ,34,34.0,13.990.000đ,34.0,Giảm 7%,34.0,520.000đ,Laptop Dell
Laptop ASUS Vivobook 14 X1404ZA-NK386W,https://cellphones.com.vn/laptop-asus-vivobook-14-x1404za-nk386w.html,9.990.000đ,35,35.0,11.990.000đ,35.0,Giảm 17%,35.0,400.000đ,Laptop ASUS
Laptop MSI Gaming GF63 12VE-460VN,https://cellphones.com.vn/laptop-msi-gaming-gf63-12ve-460vn.html,17.990.000đ,36,36.0,22.490.000đ,36.0,Giảm 20%,36.0,720.000đ,Laptop MSI
Laptop Acer gaming Aspire 7 A715-76G-73FM,https://cellphones.com.vn/laptop-acer-gaming-aspire-7-a715-76g-73fm.html,18.490.000đ,37,37.0,23.990.000đ,37.0,Giảm 23%,37.0,740.000đ,Laptop Acer
Laptop Masstel E140 Celeron,https://cellphones.com.vn/laptop-masstel-e140.html,3.590.000đ,38,38.0,7.990.000đ,38.0,Giảm 55%,38.0,144.000đ,Laptop Masstel
Laptop Gaming Acer Nitro 5 Tiger AN515-58-50D2,https://cellphones.com.vn/laptop-gaming-acer-nitro-5-tiger-an515-58-50d2.html,22.990.000đ,39,39.0,28.990.000đ,39.0,Giảm 21%,39.0,800.000đ,Laptop Gaming
Laptop Lenovo IdeaPad Slim 3 14IAH8 83EQ0005VN,https://cellphones.com.vn/laptop-lenovo-ideapad-slim-3-14iah8-83eq0005vn.html,13.990.000đ,40,40.0,15.490.000đ,40.0,Giảm 10%,40.0,560.000đ,Laptop Lenovo
Laptop Dell Inspiron 15 3520-5124BLK GJ8W7 - Nhập khẩu chính hãng,https://cellphones.com.vn/laptop-dell-inspiron-15-3520-5124blk-gj8w7.html,13.990.000đ,41,41.0,15.490.000đ,41.0,Giảm 10%,41.0,560.000đ,Laptop Dell
Laptop ASUS TUF Gaming F15 FX507ZC4-HN095W,https://cellphones.com.vn/laptop-asus-tuf-gaming-f15-fx507zc4-hn095w.html,20.290.000đ,42,42.0,24.990.000đ,42.0,Giảm 19%,42.0,800.000đ,Laptop ASUS
Laptop ASUS Gaming VivoBook K3605ZU-RP296W,https://cellphones.com.vn/laptop-asus-gaming-vivobook-k3605zu-rp296w.html,23.790.000đ,43,43.0,28.490.000đ,43.0,Giảm 16%,43.0,800.000đ,Laptop ASUS
MacBook Air M3 13 inch 2024 16GB - 256GB sạc 30W | Chính hãng Apple Việt Nam,https://cellphones.com.vn/macbook-air-m3-13-inch-2024-16gb-256gb.html,31.990.000đ,44,44.0,32.990.000đ,44.0,Giảm 3%,44.0,500.000đ,MacBook Air
Laptop ASUS Vivobook 15 X1504ZA-NJ517W,https://cellphones.com.vn/laptop-asus-vivobook-15-x1504za-nj517w.html,14.290.000đ,45,45.0,16.490.000đ,45.0,Giảm 13%,45.0,572.000đ,Laptop ASUS
Laptop ASUS Zenbook 14 Oled UX3405MA-PP151W,https://cellphones.com.vn/laptop-asus-zenbook-14-oled-ux3405ma-pp151w.html,26.190.000đ,46,46.0,28.990.000đ,46.0,Giảm 10%,46.0,800.000đ,Laptop ASUS
Laptop Dell Inspiron 15 3520 6HD73,https://cellphones.com.vn/laptop-dell-inspiron-15-3520-6hd73.html,17.990.000đ,47,47.0,19.990.000đ,47.0,Giảm 10%,47.0,720.000đ,Laptop Dell
Laptop Acer Aspire 7 A715-76G-59MW,https://cellphones.com.vn/laptop-acer-aspire-7-a715-76g-59mw.html,15.690.000đ,48,48.0,21.490.000đ,48.0,Giảm 27%,48.0,628.000đ,Laptop Acer
Laptop MSI Modern 15 B7M-238VN,https://cellphones.com.vn/laptop-msi-modern-15-b7m-238vn.html,12.990.000đ,49,49.0,16.990.000đ,49.0,Giảm 24%,49.0,520.000đ,Laptop MSI
Laptop Gaming Acer Nitro 5 Tiger AN515 58 773Y,https://cellphones.com.vn/laptop-gaming-acer-nitro-5-tiger-an515-58-773y.html,23.290.000đ,50,50.0,25.990.000đ,50.0,Giảm 10%,50.0,800.000đ,Laptop Gaming
Laptop MSI Gaming Thin 15 B12UCX-1419VN,https://cellphones.com.vn/laptop-msi-gaming-thin-15-b12ucx-1419vn.html,15.490.000đ,51,51.0,17.990.000đ,51.0,Giảm 14%,51.0,620.000đ,Laptop MSI
Apple MacBook Air M2 2022 16GB 512GB I Chính hãng Apple Việt Nam,https://cellphones.com.vn/macbook-air-m2-2022-16gb-512gb.html,33.690.000đ,52,52.0,34.990.000đ,52.0,Giảm 4%,52.0,500.000đ,Apple MacBook
Laptop Dell Vostro 3520 F0V0VI3 - Nhập khẩu chính hãng,https://cellphones.com.vn/laptop-dell-vostro-3520-f0v0vi3.html,9.690.000đ,53,53.0,11.990.000đ,53.0,Giảm 19%,53.0,388.000đ,Laptop Dell
Laptop ASUS Vivobook 15 X1504ZA-NJ582W,https://cellphones.com.vn/laptop-asus-vivobook-15-x1504za-nj582w.html,10.190.000đ,54,54.0,12.990.000đ,54.0,Giảm 22%,54.0,408.000đ,Laptop ASUS
Laptop ASUS Vivobook 16 M1605YA-MB303W,https://cellphones.com.vn/laptop-asus-vivobook-16-m1605ya-mb303w.html,14.690.000đ,55,55.0,18.490.000đ,55.0,Giảm 21%,55.0,588.000đ,Laptop ASUS
Laptop MSI Gaming Thin 15 B13UC-2081VN,https://cellphones.com.vn/laptop-msi-gaming-thin-15-b13uc-2081vn.html,18.490.000đ,56,56.0,21.990.000đ,56.0,Giảm 16%,56.0,740.000đ,Laptop MSI
Laptop MSI Modern 15 B12MO-487VN,https://cellphones.com.vn/laptop-msi-modern-15-b12mo-487vn.html,14.990.000đ,57,57.0,19.490.000đ,57.0,Giảm 23%,57.0,600.000đ,Laptop MSI
Laptop ASUS Vivobook GO 15 E1504FA-NJ454W,https://cellphones.com.vn/laptop-asus-vivobook-go-15-e1504fa-nj454w.html,12.490.000đ,58,58.0,14.490.000đ,58.0,Giảm 14%,58.0,500.000đ,Laptop ASUS
Laptop Lenovo LOQ 15ARP9 83JC007HVN,https://cellphones.com.vn/laptop-lenovo-loq-15arp9-83jc007hvn.html,21.390.000đ,59,59.0,23.490.000đ,59.0,Giảm 9%,59.0,800.000đ,Laptop Lenovo
MacBook Pro 14 M3 8GB - 512GB | Chính hãng Apple Việt Nam,https://cellphones.com.vn/macbook-pro-14-inch-m3-2023-8gb-512gb.html,38.090.000đ,60,60.0,39.990.000đ,60.0,Giảm 5%,60.0,500.000đ,MacBook Pro
Laptop HP Pavilion 15-EG2088TU 7C0R0PA,https://cellphones.com.vn/laptop-hp-pavilion-15-eg2088tu-7c0r0pa.html,19.490.000đ,61,61.0,25.290.000đ,61.0,Giảm 23%,61.0,780.000đ,Laptop HP
Laptop Acer Gaming Aspire 5 A515-58GM-53PZ,https://cellphones.com.vn/laptop-acer-gaming-aspire-5-a515-58gm-53pz.html,15.690.000đ,62,62.0,20.490.000đ,62.0,Giảm 23%,62.0,628.000đ,Laptop Acer
Laptop Lenovo ThinkBook 16 G6 IRL 21KH00Q0VN,https://cellphones.com.vn/laptop-lenovo-thinkbook-16-g6-irl-21kh00q0vn.html,18.490.000đ,63,63.0,20.490.000đ,63.0,Giảm 10%,63.0,740.000đ,Laptop Lenovo
Laptop Lenovo ThinkPad E14 GEN 5 21JK00H5VN,https://cellphones.com.vn/laptop-lenovo-thinkpad-e14-gen-5-21jk00h5vn.html,19.990.000đ,64,64.0,22.990.000đ,64.0,Giảm 13%,64.0,800.000đ,Laptop Lenovo
Laptop ASUS Zenbook 14 OLED UX3405MA-PP588W,https://cellphones.com.vn/laptop-asus-zenbook-14-oled-ux3405ma-pp588w.html,26.090.000đ,65,65.0,28.990.000đ,65.0,Giảm 10%,65.0,800.000đ,Laptop ASUS
Laptop Lenovo LOQ 15IRX9 83DV00D5VN,https://cellphones.com.vn/laptop-lenovo-loq-15irx9-83dv00d5vn.html,29.690.000đ,66,66.0,31.990.000đ,66.0,Giảm 7%,66.0,800.000đ,Laptop Lenovo
Laptop ASUS Zenbook 14 OLED UX3405MA-PP152W,https://cellphones.com.vn/laptop-asus-zenbook-14-oled-ux3405ma-pp152w.html,31.190.000đ,67,67.0,34.990.000đ,67.0,Giảm 11%,67.0,800.000đ,Laptop ASUS
Laptop ASUS Vivobook 15 OLED A1505VA MA468W,https://cellphones.com.vn/laptop-asus-vivobook-15-oled-a1505va-ma468w.html,18.290.000đ,68,68.0,20.990.000đ,68.0,Giảm 13%,68.0,732.000đ,Laptop ASUS
Laptop MSI Gaming GF63 Thin 11UC-1228VN,https://cellphones.com.vn/laptop-msi-gaming-gf63-thin-11uc-1228vn.html,16.990.000đ,69,69.0,20.990.000đ,69.0,Giảm 19%,69.0,680.000đ,Laptop MSI
Laptop HP Gaming Victus 15-FB1023AX 94F20PA,https://cellphones.com.vn/laptop-hp-gaming-victus-15-fb1023ax-94f20pa.html,16.990.000đ,70,70.0,24.490.000đ,70.0,Giảm 31%,70.0,680.000đ,Laptop HP
Laptop Lenovo IdeaPad 1 14ALC7 82R30078VN,https://cellphones.com.vn/laptop-lenovo-ideapad-1-14alc7-82r30078vn.html,10.990.000đ,71,71.0,11.990.000đ,71.0,Giảm 8%,71.0,440.000đ,Laptop Lenovo
MacBook Pro 16 inch M1 Max 10 CPU - 32 GPU 32GB 1TB 2021 | Chính hãng Apple Việt Nam,https://cellphones.com.vn/macbook-pro-16-inch-2021-m1-max.html,53.990.000đ,72,72.0,92.990.000đ,72.0,Giảm 42%,72.0,500.000đ,MacBook Pro
Laptop MSI Gaming Thin GF63 12VE-454VN,https://cellphones.com.vn/laptop-msi-gaming-thin-gf63-12ve-454vn.html,18.990.000đ,73,73.0,22.990.000đ,73.0,Giảm 17%,73.0,760.000đ,Laptop MSI
Laptop ASUS VivoBook 14 OLED A1405VA-KM095W,https://cellphones.com.vn/laptop-asus-vivobook-14-oled-a1405va-km095w.html,17.390.000đ,74,74.0,20.990.000đ,74.0,Giảm 17%,74.0,696.000đ,Laptop ASUS
Laptop ASUS TUF Gaming A15 FA506NC-HN011W,https://cellphones.com.vn/laptop-asus-tuf-gaming-a15-fa506nc-hn011w.html,17.490.000đ,75,75.0,21.990.000đ,75.0,Giảm 20%,75.0,700.000đ,Laptop ASUS
Laptop ASUS Expertbook B1402CBA-NK2669W,https://cellphones.com.vn/laptop-asus-expertbook-b1402cba-nk2669w.html,13.990.000đ,76,76.0,19.990.000đ,76.0,Giảm 30%,76.0,560.000đ,Laptop ASUS
Laptop ASUS ROG Zephyrus G16 GA605WI-QR090WS,https://cellphones.com.vn/laptop-asus-rog-zephyrus-g16-ga605wi-qr090ws.html,77.990.000đ,77,77.0,81.990.000đ,77.0,Giảm 5%,77.0,800.000đ,Laptop ASUS
Laptop ASUS ROG Strix G16 G614JU-N3135W,https://cellphones.com.vn/laptop-asus-rog-strix-g16-g614ju-n3135w.html,29.990.000đ,78,78.0,39.990.000đ,78.0,Giảm 25%,78.0,800.000đ,Laptop ASUS
MacBook Air M3 13 inch 2024 16GB - 512GB | Chính hãng Apple Việt Nam,https://cellphones.com.vn/macbook-air-m3-13-inch-2024-16gb-512gb.html,36.490.000đ,79,79.0,37.990.000đ,79.0,Giảm 4%,79.0,500.000đ,MacBook Air
Laptop Lenovo IdeaPad Slim 3 14IAH8 83EQ0004VN,https://cellphones.com.vn/laptop-lenovo-ideapad-slim-3-14iah8-83eq0004vn.html,12.490.000đ,80,80.0,14.990.000đ,80.0,Giảm 17%,80.0,500.000đ,Laptop Lenovo
Laptop Lenovo IdeaPad Slim 5 15IRU9 83D00003VN,https://cellphones.com.vn/laptop-lenovo-ideapad-slim-5-15iru9-83d00003vn.html,19.490.000đ,81,81.0,22.690.000đ,81.0,Giảm 14%,81.0,780.000đ,Laptop Lenovo
Laptop Lenovo IdeaPad Slim 3 15 ABR8 82XM00EJVN,https://cellphones.com.vn/laptop-lenovo-ideapad-slim-3-15-abr8-82xm00ejvn.html,12.390.000đ,82,82.0,14.390.000đ,82.0,Giảm 14%,82.0,496.000đ,Laptop Lenovo
MacBook Pro 14 inch M3 2023 (8 CPU - 10 GPU 16GB 512GB),https://cellphones.com.vn/macbook-pro-14-inch-m3-2023-16gb-512gb.html,44.990.000đ,83,,,,,83.0,500.000đ,MacBook Pro
Laptop ASUS Vivobook 14 X1404ZA-NK389W,https://cellphones.com.vn/laptop-asus-vivobook-14-x1404za-nk389w.html,15.990.000đ,84,84.0,17.990.000đ,84.0,Giảm 11%,84.0,640.000đ,Laptop ASUS
Laptop Lenovo IdeaPad Slim 3 15ABR8 82XM00EHVN,https://cellphones.com.vn/laptop-lenovo-ideapad-slim-3-15abr8-82xm00ehvn.html,14.490.000đ,85,85.0,16.390.000đ,85.0,Giảm 12%,85.0,580.000đ,Laptop Lenovo
Laptop Lenovo V14 G4 IRU 83A000BGVN,https://cellphones.com.vn/laptop-lenovo-v14-g4-iru-83a000bgvn.html,13.490.000đ,86,86.0,14.590.000đ,86.0,Giảm 8%,86.0,540.000đ,Laptop Lenovo
Laptop Lenovo Gaming Legion 5 16IRX9 83DG004YVN,https://cellphones.com.vn/laptop-lenovo-gaming-legion-5-16irx9-83dg004yvn.html,39.990.000đ,87,87.0,43.990.000đ,87.0,Giảm 9%,87.0,800.000đ,Laptop Lenovo
Laptop ASUS ExpertBook B1 B1502CBA-NJ1261W,https://cellphones.com.vn/laptop-asus-expertbook-b1-b1502cba-nj1261w.html,9.490.000đ,88,88.0,14.590.000đ,88.0,Giảm 35%,88.0,380.000đ,Laptop ASUS
Laptop Gaming Acer Nitro V ANV15-51-55CA,https://cellphones.com.vn/laptop-gaming-acer-nitro-v-anv15-51-55ca.html,24.790.000đ,89,89.0,27.990.000đ,89.0,Giảm 11%,89.0,800.000đ,Laptop Gaming
Laptop Lenovo LOQ 15IRX9 83DV00UFVN,https://cellphones.com.vn/laptop-lenovo-loq-15irx9-83dv00ufvn.html,33.990.000đ,90,90.0,35.990.000đ,90.0,Giảm 6%,90.0,800.000đ,Laptop Lenovo
Laptop Acer Aspire Lite AL16-51P-55N7 NX.KX0SV.001,https://cellphones.com.vn/laptop-acer-aspire-lite-al16-51p-55n7.html,13.490.000đ,91,91.0,14.990.000đ,91.0,Giảm 10%,91.0,540.000đ,Laptop Acer
Apple MacBook Air M2 2022 8GB 512GB I Chính hãng Apple Việt Nam,https://cellphones.com.vn/macbook-air-m2-2022-512gb.html,29.290.000đ,92,92.0,39.990.000đ,92.0,Giảm 27%,92.0,500.000đ,Apple MacBook
Laptop MSI Modern 14 C13M-607VN,https://cellphones.com.vn/laptop-msi-modern-14-c13m-607vn.html,14.990.000đ,93,93.0,21.490.000đ,93.0,Giảm 30%,93.0,600.000đ,Laptop MSI
Laptop Dell Vostro 3520 F0V0V256 - Nhập khẩu chính hãng,https://cellphones.com.vn/laptop-dell-vostro-3520-f0v0v256.html,12.490.000đ,94,94.0,13.990.000đ,94.0,Giảm 11%,94.0,500.000đ,Laptop Dell
Laptop Acer Aspire 3 Spin A3SP14-31PT-387Z,https://cellphones.com.vn/laptop-acer-aspire-3-spin-14-a3sp14-31pt-387z.html,9.490.000đ,95,95.0,11.990.000đ,95.0,Giảm 21%,95.0,380.000đ,Laptop Acer
Laptop ASUS VivoBook S 16 OLED S5606MA-MX051W,https://cellphones.com.vn/laptop-asus-vivobook-s-16-oled-s5606ma-mx051w.html,26.890.000đ,96,96.0,29.990.000đ,96.0,Giảm 10%,96.0,800.000đ,Laptop ASUS
Laptop Lenovo Ideapad Slim 5 14IMH9 83DA001NVN,https://cellphones.com.vn/laptop-lenovo-ideapad-slim-5-14imh9-83da001nvn.html,21.490.000đ,97,97.0,21.990.000đ,97.0,Giảm 2%,97.0,800.000đ,Laptop Lenovo
Laptop HP Pavilion 15-EG2083TU 7C0W9PA,https://cellphones.com.vn/laptop-hp-pavilion-15-eg2083tu-7c0w9pa.html,15.490.000đ,98,98.0,19.790.000đ,98.0,Giảm 22%,98.0,620.000đ,Laptop HP
Laptop MSI Katana 15 B13VFK-676VN,https://cellphones.com.vn/laptop-msi-katana-15-b13vfk-676vn.html,27.990.000đ,99,99.0,36.990.000đ,99.0,Giảm 24%,99.0,800.000đ,Laptop MSI
Laptop ASUS VivoBook S 14 FLIP TP3402VA-LZ118W,https://cellphones.com.vn/laptop-asus-vivobook-s-14-flip-tp3402va-lz118w.html,22.890.000đ,100,100.0,26.490.000đ,100.0,Giảm 14%,100.0,800.000đ,Laptop ASUS
Laptop MSI Modern 14 C7M-221VN,https://cellphones.com.vn/laptop-msi-modern-14-c7m-221vn.html,10.990.000đ,101,101.0,11.790.000đ,101.0,Giảm 7%,101.0,440.000đ,Laptop MSI
Laptop Lenovo ThinkBook 14 G6 IRL 21KG00RDVN,https://cellphones.com.vn/laptop-lenovo-thinkbook-14-g6-irl-21kg00rdvn.html,16.990.000đ,102,102.0,19.990.000đ,102.0,Giảm 15%,102.0,680.000đ,Laptop Lenovo
Laptop HP 15-FD0237TU 9Q972PA,https://cellphones.com.vn/laptop-hp-15-fd0237tu.html,16.290.000đ,103,103.0,18.390.000đ,103.0,Giảm 11%,103.0,652.000đ,Laptop HP
Laptop ASUS TUF Gaming A15 FA507NU-LP140W,https://cellphones.com.vn/laptop-asus-tuf-gaming-a15-fa507nu-lp140w.html,22.990.000đ,104,,,,,104.0,230.000đ,Laptop ASUS
Laptop ASUS Vivobook 14 OLED A1405VA-KM257W,https://cellphones.com.vn/laptop-asus-vivobook-14-oled-a1405va-km257w.html,17.190.000đ,105,105.0,20.990.000đ,105.0,Giảm 18%,105.0,688.000đ,Laptop ASUS
MacBook Air M3 13 inch 2024 8GB - 512GB | Chính hãng Apple Việt Nam,https://cellphones.com.vn/macbook-air-m3-13-inch-2024-8gb-512gb.html,31.490.000đ,106,106.0,32.990.000đ,106.0,Giảm 5%,106.0,500.000đ,MacBook Air
Laptop MSI Modern 14 C13M-458VN,https://cellphones.com.vn/laptop-msi-modern-14-c13m-458vn.html,11.990.000đ,107,107.0,17.990.000đ,107.0,Giảm 33%,107.0,480.000đ,Laptop MSI
Laptop Lenovo IdeaPad Slim 5 14APH9 83DB003BVN,https://cellphones.com.vn/laptop-lenovo-ideapad-slim-5-14aph9-83db003bvn.html,21.490.000đ,108,108.0,23.190.000đ,108.0,Giảm 7%,108.0,800.000đ,Laptop Lenovo
Laptop Dell Inspiron 15 3520 71045026,https://cellphones.com.vn/laptop-dell-inspiron-15-3520-71045026.html,16.490.000đ,109,109.0,16.990.000đ,109.0,Giảm 3%,109.0,660.000đ,Laptop Dell
MacBook Air 15 inch M2 2023 8GB 256GB sạc 70W | Chính hãng Apple Việt Nam,https://cellphones.com.vn/macbook-air-15-inch-m2-2023-sac-70w.html,27.490.000đ,110,110.0,32.990.000đ,110.0,Giảm 17%,110.0,500.000đ,MacBook Air
Laptop Lenovo Yoga Slim 7 14IMH9 83CV001UVN,https://cellphones.com.vn/laptop-lenovo-yoga-slim-7-14imh9-83cv001uvn.html,29.990.000đ,111,111.0,30.990.000đ,111.0,Giảm 3%,111.0,800.000đ,Laptop Lenovo
Laptop Lenovo Ideapad Slim 3 14IRH8 83EL0023VN,https://cellphones.com.vn/laptop-lenovo-ideapad-slim-3-14irh8-83el0023vn.html,17.490.000đ,112,112.0,18.490.000đ,112.0,Giảm 5%,112.0,700.000đ,Laptop Lenovo
Laptop ASUS Vivobook 15X OLED M3504YA-L1332W,https://cellphones.com.vn/laptop-asus-vivobook-15x-oled-m3504ya-l1332w.html,15.990.000đ,113,113.0,18.490.000đ,113.0,Giảm 14%,113.0,640.000đ,Laptop ASUS
Laptop Dell Vostro 3520,https://cellphones.com.vn/laptop-dell-vostro-3520-i7-1255u-8gb-512gb.html,18.490.000đ,114,114.0,18.990.000đ,114.0,Giảm 3%,114.0,740.000đ,Laptop Dell
Laptop ASUS TUF Gaming F15 FX507VU-LP198W,https://cellphones.com.vn/laptop-asus-tuf-gaming-f15-fx507vu-lp198w.html,27.490.000đ,115,115.0,30.990.000đ,115.0,Giảm 11%,115.0,800.000đ,Laptop ASUS
Laptop Acer Aspire 5 Spin 14 A5SP14-51MTN-573X,https://cellphones.com.vn/laptop-acer-aspire-5-spin-14-a5sp14-51mtn-573x.html,14.990.000đ,116,116.0,20.990.000đ,116.0,Giảm 29%,116.0,600.000đ,Laptop Acer
Laptop Gigabyte G5 KF-E3PH333SH,https://cellphones.com.vn/laptop-gigabyte-g5-kf-e3ph333sh.html,21.990.000đ,117,117.0,25.990.000đ,117.0,Giảm 15%,117.0,800.000đ,Laptop Gigabyte
Laptop ASUS TUF Gaming A15 FA506NFR-HN075W,https://cellphones.com.vn/laptop-asus-tuf-gaming-a15-fa506nfr-hn075w.html,18.990.000đ,118,118.0,22.990.000đ,118.0,Giảm 17%,118.0,760.000đ,Laptop ASUS
Laptop ASUS VivoBook 15 X1504VA-NJ070W,https://cellphones.com.vn/laptop-asus-vivobook-15-x1504va-nj070w.html,15.790.000đ,119,119.0,18.490.000đ,119.0,Giảm 15%,119.0,632.000đ,Laptop ASUS
MacBook Air 15 inch M2 2023 8GB 256GB sạc 35W | Chính hãng Apple Việt Nam,https://cellphones.com.vn/macbook-air-15-inch-m2-2023.html,27.490.000đ,120,120.0,32.990.000đ,120.0,Giảm 17%,120.0,500.000đ,MacBook Air
Laptop ASUS TUF Gaming A15 FA507NUR-LP101W,https://cellphones.com.vn/laptop-asus-tuf-gaming-a15-fa507nur-lp101w.html,25.990.000đ,121,121.0,30.490.000đ,121.0,Giảm 15%,121.0,800.000đ,Laptop ASUS
Laptop ASUS Vivobook 15 OLED A1505VA-MA492W,https://cellphones.com.vn/laptop-asus-vivobook-15-oled-a1505va-ma492w.html,20.490.000đ,122,122.0,21.990.000đ,122.0,Giảm 7%,122.0,800.000đ,Laptop ASUS
Laptop Huawei Matebook D15,https://cellphones.com.vn/laptop-huawei-matebook-d15-r7-5700u.html,10.990.000đ,123,123.0,13.990.000đ,123.0,Giảm 21%,123.0,440.000đ,Laptop Huawei
Laptop Lenovo ThinkBook 14 G6 IRL 21KG00BQVN,https://cellphones.com.vn/laptop-lenovo-thinkbook-14-g6-irl-21kg00bqvn.html,21.490.000đ,124,124.0,21.990.000đ,124.0,Giảm 2%,124.0,800.000đ,Laptop Lenovo
Laptop ASUS Vivobook S 15 S5507QA-MA092WS Copilot+ X Plus,https://cellphones.com.vn/laptop-asus-vivobook-s-15-s5507qa-ma092ws-copilot-x-plus.html,25.490.000đ,125,125.0,26.990.000đ,125.0,Giảm 6%,125.0,800.000đ,Laptop ASUS
Laptop Dell Inspiron 15 3520 YTC9K,https://cellphones.com.vn/laptop-dell-inspiron-15-3520-ytc9k.html,12.590.000đ,126,126.0,13.990.000đ,126.0,Giảm 10%,126.0,504.000đ,Laptop Dell
Laptop ASUS Vivobook 15 X1504ZA-NJ1039W,https://cellphones.com.vn/laptop-asus-vivobook-15-x1504za-nj1039w.html,16.490.000đ,127,127.0,17.990.000đ,127.0,Giảm 8%,127.0,660.000đ,Laptop ASUS
Laptop Lenovo ThinkPad E16 Gen 1 21JN00GJVN,https://cellphones.com.vn/laptop-lenovo-thinkpad-e16-gen-1-21jn00gjvn.html,18.990.000đ,128,128.0,20.990.000đ,128.0,Giảm 10%,128.0,760.000đ,Laptop Lenovo
MacBook Air M3 15 inch 2024 8GB - 256GB | Chính hãng Apple Việt Nam,https://cellphones.com.vn/macbook-air-m3-15-inch-2024.html,31.190.000đ,129,129.0,32.990.000đ,129.0,Giảm 5%,129.0,500.000đ,MacBook Air
Laptop Lenovo ThinkBook 14 G6 ABP 21KJ005HVN,https://cellphones.com.vn/laptop-lenovo-thinkbook-14-g6-abp-21kj005hvn.html,18.490.000đ,130,130.0,21.990.000đ,130.0,Giảm 16%,130.0,740.000đ,Laptop Lenovo
Laptop ASUS Zenbook DUO UX8406MA-PZ307W,https://cellphones.com.vn/laptop-asus-zenbook-duo-ux8406ma-pz307w.html,45.990.000đ,131,131.0,49.990.000đ,131.0,Giảm 8%,131.0,800.000đ,Laptop ASUS
Laptop ASUS TUF Gaming F15 FX507VV-LP157W,https://cellphones.com.vn/laptop-asus-tuf-gaming-f15-fx507vv-lp157w.html,31.990.000đ,132,132.0,37.490.000đ,132.0,Giảm 15%,132.0,800.000đ,Laptop ASUS
Macbook Pro 14 M3 Pro 36GB - 512GB | Chính hãng Apple Việt Nam,https://cellphones.com.vn/macbook-pro-14-inch-m3-pro-2023-36gb-512gb.html,59.490.000đ,133,133.0,59.990.000đ,133.0,Giảm 1%,133.0,500.000đ,Macbook Pro
Laptop LG Gram 2023 14Z90RS-G.AH54A5,https://cellphones.com.vn/laptop-lg-gram-2023-14z90rs-g-ah54a5.html,27.990.000đ,134,134.0,38.990.000đ,134.0,Giảm 28%,134.0,800.000đ,Laptop LG
Laptop Gaming Acer Nitro V ANV15-51-75GS,https://cellphones.com.vn/laptop-gaming-acer-nitro-v-anv15-51-75gs.html,28.990.000đ,135,135.0,29.990.000đ,135.0,Giảm 3%,135.0,800.000đ,Laptop Gaming
Laptop MSI Gaming GF63 THIN 12UC-1006VN,https://cellphones.com.vn/laptop-msi-gaming-gf63-thin-12uc-1006vn.html,17.490.000đ,136,136.0,19.990.000đ,136.0,Giảm 13%,136.0,700.000đ,Laptop MSI
Mac mini M2 2023 (8 CPU - 10 GPU - 16GB - 256GB) | Chính hãng Apple Việt Nam,https://cellphones.com.vn/mac-mini-m2-16gb-2023.html,19.690.000đ,137,137.0,22.990.000đ,137.0,Giảm 14%,137.0,500.000đ,Mac mini
Laptop Lenovo IdeaPad Slim 5 14IMH9 83DA006TVN,https://cellphones.com.vn/laptop-lenovo-ideapad-slim-5-14imh9-83da006tvn.html,21.990.000đ,138,138.0,23.690.000đ,138.0,Giảm 7%,138.0,800.000đ,Laptop Lenovo
Laptop ASUS VivoBook S 14 OLED S5406MA-PP136W,https://cellphones.com.vn/laptop-asus-vivobook-s-14-oled-s5406ma-pp136w.html,24.390.000đ,139,139.0,26.990.000đ,139.0,Giảm 10%,139.0,800.000đ,Laptop ASUS
Laptop ASUS ROG Strix G16 G614JV-N4156W,https://cellphones.com.vn/laptop-asus-rog-strix-g16-g614jv-n4156w.html,39.990.000đ,140,140.0,44.990.000đ,140.0,Giảm 11%,140.0,800.000đ,Laptop ASUS
Laptop Lenovo V14 G4 AMN 82YT00M8VN,https://cellphones.com.vn/laptop-lenovo-v14-g4-amn-82yt00m8vn.html,11.990.000đ,141,141.0,14.990.000đ,141.0,Giảm 20%,141.0,480.000đ,Laptop Lenovo
Laptop HP 15 250 G8 85C69EA,https://cellphones.com.vn/laptop-hp-15-250-g8-85c69ea.html,10.990.000đ,142,142.0,12.990.000đ,142.0,Giảm 15%,142.0,440.000đ,Laptop HP
Laptop ASUS Vivobook S 15 S5507QA-MA089WS Copilot+ X Elite,https://cellphones.com.vn/laptop-asus-vivobook-s-15-s5507qa-ma089ws-copilot-x-elite.html,34.990.000đ,143,,,,,143.0,800.000đ,Laptop ASUS
Laptop MSI Gaming Bravo 15 C7VFK-275VN,https://cellphones.com.vn/laptop-msi-gaming-bravo-15-c7vfk-275vn.html,24.990.000đ,144,144.0,28.990.000đ,144.0,Giảm 14%,144.0,800.000đ,Laptop MSI
Laptop Lenovo Ideapad Slim 5 14IMH9 83DA006UVN,https://cellphones.com.vn/laptop-lenovo-ideapad-slim-5-14imh9-83da006uvn.html,24.490.000đ,145,145.0,26.590.000đ,145.0,Giảm 8%,145.0,800.000đ,Laptop Lenovo
Laptop ASUS ROG Strix G16 G614JVR-N4162W,https://cellphones.com.vn/laptop-asus-rog-strix-g16-g614jvr-n4162w.html,47.990.000đ,146,146.0,52.990.000đ,146.0,Giảm 9%,146.0,800.000đ,Laptop ASUS
Laptop Lenovo ThinkPad E14 GEN 5 21JK006BVN,https://cellphones.com.vn/laptop-lenovo-thinkpad-e14-gen-5-21jk006bvn.html,19.790.000đ,147,147.0,22.990.000đ,147.0,Giảm 14%,147.0,792.000đ,Laptop Lenovo
Laptop Lenovo Yoga Slim 6 14IRH8 83E00008VN,https://cellphones.com.vn/laptop-lenovo-yoga-slim-6-14irh8-83e00008vn.html,24.990.000đ,148,148.0,26.890.000đ,148.0,Giảm 7%,148.0,800.000đ,Laptop Lenovo
Laptop Gaming Acer Nitro 5 AN515-58-5193,https://cellphones.com.vn/laptop-gaming-acer-nitro-5-an515-58-5193.html,22.990.000đ,149,149.0,23.990.000đ,149.0,Giảm 4%,149.0,800.000đ,Laptop Gaming
Laptop Gaming Acer Nitro V ANV15-51-58AN,https://cellphones.com.vn/laptop-gaming-acer-nitro-v-anv15-51-58an.html,18.990.000đ,150,150.0,21.490.000đ,150.0,Giảm 12%,150.0,760.000đ,Laptop Gaming
Laptop Gigabyte G5 KF5-53VN353SH,https://cellphones.com.vn/laptop-gigabyte-g5-kf5-53vn353sh.html,24.490.000đ,151,151.0,29.990.000đ,151.0,Giảm 18%,151.0,800.000đ,Laptop Gigabyte
Laptop Lenovo Legion 7 16IRX9 83FD004MVN,https://cellphones.com.vn/laptop-lenovo-legion-7-16irx9-83fd004mvn.html,62.990.000đ,152,152.0,66.990.000đ,152.0,Giảm 6%,152.0,800.000đ,Laptop Lenovo
Laptop ASUS TUF Gaming A15 FA507NV-LP061W,https://cellphones.com.vn/laptop-asus-tuf-gaming-a15-fa507nv-lp061w.html,28.990.000đ,153,153.0,34.990.000đ,153.0,Giảm 17%,153.0,800.000đ,Laptop ASUS
Laptop ASUS Gaming ROG Zephyrus G16 GU603VU-N4019W,https://cellphones.com.vn/laptop-asus-gaming-rog-zephyrus-g16-gu603vu-n4019w.html,38.690.000đ,154,154.0,44.990.000đ,154.0,Giảm 14%,154.0,800.000đ,Laptop ASUS
Laptop ASUS ExpertBook B1 B1402CVA-NK0149W,https://cellphones.com.vn/laptop-asus-expertbook-b1402cva-nk0149w.html,12.490.000đ,155,155.0,14.990.000đ,155.0,Giảm 17%,155.0,500.000đ,Laptop ASUS
Laptop ASUS Vivobook S 14 OLED S5406MA-PP046WS,https://cellphones.com.vn/laptop-asus-vivoboook-s-14-oled-s5406ma-pp046ws.html,24.390.000đ,156,156.0,26.990.000đ,156.0,Giảm 10%,156.0,800.000đ,Laptop ASUS
Laptop ASUS TUF Gaming F15 FX507VV-LP304W,https://cellphones.com.vn/laptop-asus-tuf-gaming-f15-fx507vv-lp304w.html,33.790.000đ,157,157.0,37.990.000đ,157.0,Giảm 11%,157.0,800.000đ,Laptop ASUS
MacBook Air M3 15 inch 2024 16GB - 256GB sạc 70W | Chính hãng Apple Việt Nam,https://cellphones.com.vn/macbook-air-m3-15-inch-2024-16gb-256gb.html,36.590.000đ,158,158.0,37.990.000đ,158.0,Giảm 4%,158.0,500.000đ,MacBook Air
MacBook Pro 14 M3 Pro 18GB - 1TB | Chính hãng Apple Việt Nam,https://cellphones.com.vn/macbook-pro-14-inch-m3-pro-2023-18gb-1tb.html,58.990.000đ,159,159.0,59.990.000đ,159.0,Giảm 2%,159.0,500.000đ,MacBook Pro
Laptop ASUS Vivobook S 14 OLED S5406MA-PP198WS,https://cellphones.com.vn/laptop-asus-vivoboook-s-14-oled-s5406ma-pp198ws.html,26.890.000đ,160,160.0,29.990.000đ,160.0,Giảm 10%,160.0,800.000đ,Laptop ASUS
Laptop Dell Vostro 3520 F0V0V,https://cellphones.com.vn/laptop-dell-vostro-3520-f0v0v.html,12.590.000đ,161,161.0,13.990.000đ,161.0,Giảm 10%,161.0,504.000đ,Laptop Dell
Laptop gaming MSI Thin A15 B7UCX 020VN,https://cellphones.com.vn/laptop-msi-gaming-thin-a15-b7ucx-020vn.html,15.490.000đ,162,162.0,18.990.000đ,162.0,Giảm 18%,162.0,620.000đ,Laptop gaming
Laptop Lenovo V15 G4 IRU 83A100FYVN,https://cellphones.com.vn/laptop-lenovo-v15-g4-iru-83a100fyvn.html,14.690.000đ,163,163.0,15.490.000đ,163.0,Giảm 5%,163.0,588.000đ,Laptop Lenovo
Laptop ASUS ROG Strix G16 G614JU-N4132W,https://cellphones.com.vn/laptop-asus-rog-strix-g16-g614ju-n4132w.html,36.990.000đ,164,164.0,41.990.000đ,164.0,Giảm 12%,164.0,800.000đ,Laptop ASUS
Laptop Acer Aspire 5 A515-58GM-59LJ,https://cellphones.com.vn/laptop-acer-aspire-5-a515-58gm-59lj.html,15.990.000đ,165,165.0,20.490.000đ,165.0,Giảm 22%,165.0,640.000đ,Laptop Acer
Mac mini M2 2023 (8 CPU - 10 GPU - 16GB - 512GB) | Chính hãng Apple Việt Nam,https://cellphones.com.vn/mac-mini-m2-16gb-512gb-2023.html,24.590.000đ,166,166.0,27.990.000đ,166.0,Giảm 12%,166.0,500.000đ,Mac mini
Laptop ASUS TUF Gaming A15 FA506NCR-HN047W,https://cellphones.com.vn/laptop-asus-tuf-gaming-a15-fa506ncr-hn047w.html,20.990.000đ,167,167.0,23.490.000đ,167.0,Giảm 11%,167.0,800.000đ,Laptop ASUS
Laptop ASUS TUF Gaming A15 FA507NVR-LP091W,https://cellphones.com.vn/laptop-asus-tuf-gaming-a15-fa507nvr-lp091w.html,27.990.000đ,168,168.0,32.490.000đ,168.0,Giảm 14%,168.0,800.000đ,Laptop ASUS
Laptop ASUS ZenBook S 13 OLED UX5304VA-NQ125W,https://cellphones.com.vn/laptop-asus-zenbook-s-13-oled-ux5304va-nq125w.html,32.990.000đ,169,169.0,39.990.000đ,169.0,Giảm 18%,169.0,800.000đ,Laptop ASUS
Laptop HP Pavilion 15-EG2089TU 7C0R1PA,https://cellphones.com.vn/laptop-hp-pavilion-15-eg2089tu-7c0r1pa.html,18.990.000đ,170,170.0,21.900.000đ,170.0,Giảm 13%,170.0,760.000đ,Laptop HP
Laptop Gigabyte G6 MF-H2VN854KH,https://cellphones.com.vn/laptop-gigabyte-g6-mf-h2vn854kh.html,25.990.000đ,171,171.0,27.590.000đ,171.0,Giảm 6%,171.0,800.000đ,Laptop Gigabyte
Laptop Acer Swift Go 14 AI SFG14-73-53X7 NX.KSLSV.001,https://cellphones.com.vn/laptop-acer-swift-go-14-ai-sfg14-73-53x7.html,22.990.000đ,172,172.0,23.990.000đ,172.0,Giảm 4%,172.0,800.000đ,Laptop Acer
MacBook Pro 16 M3 Pro 36GB - 512GB | Chính hãng Apple Việt Nam,https://cellphones.com.vn/macbook-pro-16-inch-m3-pro-2023-36gb-512gb.html,73.990.000đ,173,173.0,74.990.000đ,173.0,Giảm 1%,173.0,500.000đ,MacBook Pro
Laptop ASUS ExpertBook B1402CVA-NK0157W,https://cellphones.com.vn/laptop-asus-expertbook-b1402cva-nk0157w.html,16.990.000đ,174,174.0,18.490.000đ,174.0,Giảm 8%,174.0,680.000đ,Laptop ASUS
Laptop Lenovo ThinkBook 13s G3 ACN 20YA0039VN,https://cellphones.com.vn/laptop-lenovo-thinkbook-13s-g3-acn-20ya0039vn.html,16.490.000đ,175,175.0,25.890.000đ,175.0,Giảm 36%,175.0,660.000đ,Laptop Lenovo
Laptop Acer Aspire Lite 16 AL16-51P-72S2,https://cellphones.com.vn/laptop-acer-aspire-lite-16-al16-51p-72s2.html,15.990.000đ,176,176.0,16.990.000đ,176.0,Giảm 6%,176.0,640.000đ,Laptop Acer
Laptop Lenovo Legion Slim 5 16AHP9 83DH003AVN,https://cellphones.com.vn/laptop-lenovo-legion-slim-5-16ahp9-83dh003avn.html,39.990.000đ,177,177.0,41.990.000đ,177.0,Giảm 5%,177.0,800.000đ,Laptop Lenovo
MacBook Air M3 15 inch 2024 16GB - 512GB | Chính hãng Apple Việt Nam,https://cellphones.com.vn/macbook-air-m3-15-inch-2024-16gb-512gb.html,41.890.000đ,178,178.0,42.990.000đ,178.0,Giảm 3%,178.0,500.000đ,MacBook Air
Laptop Gaming Acer Nitro V ANV15-51-72VS NH.QNASV.004,https://cellphones.com.vn/laptop-gaming-acer-nitro-v-anv15-51-72vs.html,24.490.000đ,179,179.0,25.990.000đ,179.0,Giảm 6%,179.0,800.000đ,Laptop Gaming
Laptop LG Gram 2023 14Z90R-G.AH53A5,https://cellphones.com.vn/laptop-lg-gram-2023-14z90r-g-ah53a5.html,22.990.000đ,180,180.0,32.490.000đ,180.0,Giảm 29%,180.0,800.000đ,Laptop LG
Laptop Acer Swift Lite 14 AI SFL14-51M-56HS,https://cellphones.com.vn/laptop-acer-swift-lite-14-ai-sfl14-51m-56hs.html,18.990.000đ,181,181.0,19.990.000đ,181.0,Giảm 5%,181.0,760.000đ,Laptop Acer
Laptop Acer Aspire 5 Spin 14 A5SP14-51MTN-78JH,https://cellphones.com.vn/laptop-acer-aspire-5-spin-14-a5sp14-51mtn-78jh.html,16.990.000đ,182,182.0,19.990.000đ,182.0,Giảm 15%,182.0,680.000đ,Laptop Acer
Laptop HP Elitebook 630 G9 6M142PA,https://cellphones.com.vn/laptop-hp-elitebook-630-g9-6m142pa.html,16.990.000đ,183,183.0,19.990.000đ,183.0,Giảm 15%,183.0,680.000đ,Laptop HP
Laptop Asus Rog Strix G15 G513RC HN038W,https://cellphones.com.vn/laptop-asus-rog-strix-g15-g513rc-hn038w.html,24.990.000đ,184,184.0,29.900.000đ,184.0,Giảm 16%,184.0,800.000đ,Laptop Asus
Laptop ASUS Zenbook S 13 OLED UX5304MA-NQ117W,https://cellphones.com.vn/laptop-asus-zenbook-s-13-oled-ux5304ma-nq117w.html,40.990.000đ,185,185.0,44.990.000đ,185.0,Giảm 9%,185.0,800.000đ,Laptop ASUS
Mac mini M2 Pro 2023 (10 CPU - 16 GPU - 16GB - 512GB) | Chính hãng Apple Việt Nam,https://cellphones.com.vn/mac-mini-m2-pro-2023.html,31.590.000đ,186,186.0,34.990.000đ,186.0,Giảm 10%,186.0,500.000đ,Mac mini
Laptop ASUS TUF Gaming F15 FX507VU-LP315W,https://cellphones.com.vn/laptop-asus-tuf-gaming-f15-fx507vu-lp315w.html,30.490.000đ,187,187.0,34.490.000đ,187.0,Giảm 12%,187.0,800.000đ,Laptop ASUS
MacBook Air 15 inch M2 2023 8GB 512GB | Chính hãng Apple Việt Nam,https://cellphones.com.vn/macbook-air-15-inch-m2-2023-512gb.html,29.890.000đ,188,188.0,37.990.000đ,188.0,Giảm 21%,188.0,500.000đ,MacBook Air
Laptop Gigabyte MF F2VN333SH,https://cellphones.com.vn/laptop-gigabyte-g5-mf-f2vn333sh.html,19.990.000đ,189,189.0,22.990.000đ,189.0,Giảm 13%,189.0,800.000đ,Laptop Gigabyte
Laptop Gaming Acer Nitro V ANV15-51-57B2,https://cellphones.com.vn/laptop-gaming-acer-nitro-v-anv15-51-57b2.html,23.990.000đ,190,190.0,26.990.000đ,190.0,Giảm 11%,190.0,800.000đ,Laptop Gaming
Laptop ASUS TUF Gaming A16 Advantage Edition FA617NSR-RL100W,https://cellphones.com.vn/laptop-asus-tuf-gaming-a16-advantage-edition-fa617nsr-rl100w.html,25.990.000đ,191,191.0,28.490.000đ,191.0,Giảm 9%,191.0,800.000đ,Laptop ASUS
Laptop ASUS Zenbook DUO UX8406MA-PZ142W,https://cellphones.com.vn/laptop-asus-zenbook-duo-ux8406ma-pz142w.html,58.990.000đ,192,192.0,59.990.000đ,192.0,Giảm 2%,192.0,800.000đ,Laptop ASUS
Laptop Gaming Acer Nitro 5 AN515 58 52SP,https://cellphones.com.vn/laptop-gaming-acer-nitro-5-an515-58-52sp.html,19.490.000đ,193,193.0,28.300.000đ,193.0,Giảm 31%,193.0,780.000đ,Laptop Gaming
Laptop HP 14-EP0112TU 8C5L1PA,https://cellphones.com.vn/laptop-hp-14-ep0112tu-8c5l1pa.html,16.990.000đ,194,194.0,19.590.000đ,194.0,Giảm 13%,194.0,680.000đ,Laptop HP
Laptop ASUS VivoBook 15 X1504VA-NJ069W,https://cellphones.com.vn/laptop-asus-vivobook-15-x1504va-nj069w.html,11.090.000đ,195,195.0,12.690.000đ,195.0,Giảm 13%,195.0,444.000đ,Laptop ASUS
Laptop MSI Cyborg 15 A1VEK-053VN,https://cellphones.com.vn/laptop-msi-cyborg-15-a1vek-053vn.html,28.490.000đ,196,196.0,30.990.000đ,196.0,Giảm 8%,196.0,800.000đ,Laptop MSI
Laptop Dell Inspiron 15 3525 4R52X,https://cellphones.com.vn/laptop-dell-inspiron-15-3525-4r52x.html,12.290.000đ,197,197.0,13.990.000đ,197.0,Giảm 12%,197.0,492.000đ,Laptop Dell
Laptop MSI Prestige 14 EVO B13M-401VN,https://cellphones.com.vn/laptop-msi-prestige-14-evo-b13m-401vn.html,18.990.000đ,198,198.0,19.990.000đ,198.0,Giảm 5%,198.0,760.000đ,Laptop MSI
iMac M3 24 inch 8GB 512GB | Chính hãng Apple Việt Nam,https://cellphones.com.vn/imac-m3-2023-24-inch-8gb-512gb.html,45.990.000đ,199,199.0,46.990.000đ,199.0,Giảm 2%,199.0,500.000đ,iMac M3
Laptop Gigabyte G5 MF5-52VN383SH,https://cellphones.com.vn/laptop-gigabyte-g5-mf5-52vn383sh.html,21.490.000đ,200,200.0,25.790.000đ,200.0,Giảm 17%,200.0,800.000đ,Laptop Gigabyte
Mac Studio M2 Max 2023 (12CPU - 30GPU - 32GB - 512GB) | Chính hãng Apple Việt Nam,https://cellphones.com.vn/mac-studio-m2-max-2023.html,54.690.000đ,201,201.0,54.990.000đ,201.0,Giảm 1%,201.0,500.000đ,Mac Studio
iMac M3 24 inch 16GB 256GB | Chính hãng Apple Việt Nam,https://cellphones.com.vn/imac-m3-2023-24-inch-16gb-256gb.html,40.990.000đ,202,202.0,41.990.000đ,202.0,Giảm 2%,202.0,500.000đ,iMac M3
Laptop MSI Modern 14 C12M-241VN,https://cellphones.com.vn/laptop-msi-modern-14-c12m-241vn.html,14.490.000đ,203,203.0,19.990.000đ,203.0,Giảm 28%,203.0,580.000đ,Laptop MSI
Laptop Vaio FE 14 VWNC51427-BL,https://cellphones.com.vn/laptop-vaio-fe-14-vwnc51427-bl.html,13.990.000đ,204,204.0,17.990.000đ,204.0,Giảm 22%,204.0,560.000đ,Laptop Vaio
Laptop ASUS Vivobook 15 OLED S5507QA-MA090WS,https://cellphones.com.vn/laptop-asus-vivobook-15-oled-s5507qa-ma090ws.html,32.990.000đ,205,205.0,34.990.000đ,205.0,Giảm 6%,205.0,800.000đ,Laptop ASUS
Mac mini M2 2023 (8 CPU - 10 GPU - 24GB - 256GB) | Chính hãng Apple Việt Nam,https://cellphones.com.vn/mac-mini-m2-24gb-2023.html,24.990.000đ,206,206.0,27.990.000đ,206.0,Giảm 11%,206.0,500.000đ,Mac mini
Laptop LG Gram 2023 15Z90RT-G.AH55A5,https://cellphones.com.vn/laptop-lg-gram-2023-15z90rt-g-ah55a5.html,31.990.000đ,207,207.0,42.990.000đ,207.0,Giảm 26%,207.0,800.000đ,Laptop LG
Laptop ASUS TUF Gaming A14 FA401WV-RG062WS,https://cellphones.com.vn/laptop-asus-tuf-gaming-a14-fa401wv-rg062ws.html,42.990.000đ,208,208.0,44.990.000đ,208.0,Giảm 4%,208.0,800.000đ,Laptop ASUS
Laptop MSI Sword 16 HX B14VEKG-039VN,https://cellphones.com.vn/laptop-msi-sword-16-hx-b14vekg-039vn.html,31.990.000đ,209,209.0,34.990.000đ,209.0,Giảm 9%,209.0,800.000đ,Laptop MSI
Laptop Acer Swift Go 14 AI SFG14-73-71ZX NX.KSLSV.002,https://cellphones.com.vn/laptop-acer-swift-go-14-ai-sfg14-73-71zx.html,25.750.000đ,210,210.0,26.990.000đ,210.0,Giảm 5%,210.0,800.000đ,Laptop Acer
Laptop MSI Gaming Sword 16 HX B14VFKG-460VN,https://cellphones.com.vn/laptop-msi-gaming-sword-16-hx-b14vfkg-460vn.html,36.990.000đ,211,211.0,39.990.000đ,211.0,Giảm 8%,211.0,800.000đ,Laptop MSI
Laptop Lenovo Yoga Slim 6 14IRH8 83E0000VVN,https://cellphones.com.vn/laptop-lenovo-yoga-slim-6-14irh8-83e0000vvn.html,24.990.000đ,212,,,,,212.0,800.000đ,Laptop Lenovo
Laptop ASUS ROG Flow GV601VV-NF044W,https://cellphones.com.vn/laptop-asus-rog-flow-x16-gv601vv-nf044w.html,50.990.000đ,213,213.0,54.990.000đ,213.0,Giảm 7%,213.0,800.000đ,Laptop ASUS
Macbook Pro 14 M3 (8 CPU - 10 GPU - 16GB - 1TB) | Chính hãng Apple Việt Nam,https://cellphones.com.vn/macbook-pro-m3-2023-14-inch-16gb-1tb.html,49.290.000đ,214,214.0,49.900.000đ,214.0,Giảm 1%,214.0,500.000đ,Macbook Pro
Mac mini M2 Pro 2023 (10 CPU - 16 GPU - 32GB - 512GB) | Chính hãng Apple Việt Nam,https://cellphones.com.vn/mac-mini-m2-pro-32gb-2023.html,41.490.000đ,215,215.0,43.990.000đ,215.0,Giảm 6%,215.0,500.000đ,Mac mini
Laptop ASUS ROG Strix G16 G614JIR-N4046W,https://cellphones.com.vn/laptop-asus-rog-strix-g16-g614jir-n4046w.html,58.990.000đ,216,216.0,63.990.000đ,216.0,Giảm 8%,216.0,800.000đ,Laptop ASUS
Laptop HP Pavilion 15-EG3093TU 8C5L4PA,https://cellphones.com.vn/laptop-hp-pavilion-15-eg3093tu-8c5l4pa.html,17.990.000đ,217,217.0,21.290.000đ,217.0,Giảm 16%,217.0,720.000đ,Laptop HP
MacBook Pro 14 M3 8GB - 1TB | Chính hãng Apple Việt Nam,https://cellphones.com.vn/macbook-pro-14-inch-m3-2023-8gb-1tb.html,42.990.000đ,218,218.0,44.990.000đ,218.0,Giảm 4%,218.0,500.000đ,MacBook Pro
Laptop ASUS TUF Gaming F17 FX706HE-HX011T - Cũ Đẹp,https://cellphones.com.vn/laptop-asus-tuf-gaming-f17-fx706he-hx011t-cu-dep.html,15.690.000đ,219,219.0,31.990.000đ,219.0,Giảm 51%,,,Laptop ASUS
Laptop MSI Cyborg 15 A12VE-412VN,https://cellphones.com.vn/laptop-msi-cyborg-15-a12ve-412vn.html,18.990.000đ,220,220.0,24.990.000đ,220.0,Giảm 24%,220.0,760.000đ,Laptop MSI
Apple MacBook Air 13 inch 128GB MQD32,https://cellphones.com.vn/apple-macbook-air-13-inch-128-gb-mqd32.html,20.600.000đ,221,,,,,,,Apple MacBook
MacBook Air M3 15 inch 2024 8GB - 512GB | Chính hãng Apple Việt Nam,https://cellphones.com.vn/macbook-air-m3-15-inch-2024-8gb-512gb.html,36.290.000đ,222,222.0,37.990.000đ,222.0,Giảm 4%,222.0,500.000đ,MacBook Air
Laptop MSI Modern 15 B13M-438VN,https://cellphones.com.vn/laptop-msi-modern-15-b13m-438vn.html,13.490.000đ,223,223.0,18.490.000đ,223.0,Giảm 27%,223.0,540.000đ,Laptop MSI
Laptop HP Pavilion 15-EG3095TU 8C5L6PA,https://cellphones.com.vn/laptop-hp-pavilion-15-eg3095tu-8c5l6pa.html,17.490.000đ,224,224.0,19.990.000đ,224.0,Giảm 13%,224.0,700.000đ,Laptop HP
Laptop LG GRAM 2023 16Z90RS-G.AH54A5,https://cellphones.com.vn/laptop-lg-gram-2023-ultra-slim-16z90rs-g-ah54a5.html,33.990.000đ,225,,,,,225.0,340.000đ,Laptop LG
Laptop Lenovo Ideapad 3 15IML05 81WB01DXVN,https://cellphones.com.vn/laptop-lenovo-ideapad-3-15iml05-81wb01dxvn.html,9.990.000đ,226,226.0,11.990.000đ,226.0,Giảm 17%,226.0,400.000đ,Laptop Lenovo
Laptop ASUS Expertbook B1402CBA-NK1904W,https://cellphones.com.vn/laptop-asus-expertbook-b1402cba-nk1904w.html,9.490.000đ,227,227.0,15.590.000đ,227.0,Giảm 39%,227.0,380.000đ,Laptop ASUS
Laptop LG Gram 2023 16Z90R-E.AH75A5,https://cellphones.com.vn/laptop-lg-gram-2023-16z90r-e-ah75a5.html,36.990.000đ,228,228.0,49.990.000đ,228.0,Giảm 26%,228.0,800.000đ,Laptop LG
Laptop MSI Pulse 17 AI C1VGKG-017VN,https://cellphones.com.vn/laptop-msi-pulse-17-ai-c1vgkg-017vn.html,50.490.000đ,229,229.0,51.990.000đ,229.0,Giảm 3%,229.0,800.000đ,Laptop MSI
MacBook Pro 14 M3 Pro 2023 36GB - 1TB | Chính hãng Apple Việt Nam,https://cellphones.com.vn/macbok-pro-14-m3-pro-2023-36gb-1tb.html,69.990.000đ,230,,,,,,,MacBook Pro
Laptop LG Gram 2023 16ZD90R-G.AX55A5,https://cellphones.com.vn/laptop-lg-gram-2023-16zd90r-g-ax55a5.html,28.990.000đ,231,231.0,39.990.000đ,231.0,Giảm 28%,231.0,800.000đ,Laptop LG
Laptop LG Gram 2024 14Z90S-G.AH55A5,https://cellphones.com.vn/laptop-lg-gram-2024-14z90s-g-ah55a5.html,35.790.000đ,232,232.0,36.290.000đ,232.0,Giảm 1%,232.0,800.000đ,Laptop LG
MacBook Air 15 inch M2 2023 8GB 512GB sạc 70W | Chính hãng Apple Việt Nam,https://cellphones.com.vn/macbook-air-15-inch-m2-2023-512gb-sac-70w.html,29.890.000đ,233,233.0,37.990.000đ,233.0,Giảm 21%,233.0,500.000đ,MacBook Air
Laptop Lenovo IdeaPad Slim 5 14Q8X9 83HL000KVN,https://cellphones.com.vn/laptop-lenovo-ideapad-slim-5-14q8x9-83hl000kvn.html,24.990.000đ,234,,,,,234.0,800.000đ,Laptop Lenovo
MacBook Air 15 inch M2 2023 16GB 512GB sạc 35W | Chính hãng Apple Việt Nam,https://cellphones.com.vn/macbook-air-15-inch-m2-2023-16gb-512gb-sac-35w.html,38.990.000đ,235,235.0,42.990.000đ,235.0,Giảm 9%,235.0,500.000đ,MacBook Air
Laptop LG Gram 2024 17Z90S-G.AH78A5,https://cellphones.com.vn/laptop-lg-gram-2024-17z90s-g-ah78a5.html,48.790.000đ,236,236.0,49.290.000đ,236.0,Giảm 1%,236.0,800.000đ,Laptop LG
Laptop LG Gram 2023 17Z90R-G.AH78A5,https://cellphones.com.vn/laptop-lg-gram-2023-17z90r-g-ah78a5.html,37.990.000đ,237,237.0,50.990.000đ,237.0,Giảm 25%,237.0,800.000đ,Laptop LG
MacBook Pro 14 inch M3 Pro 18GB - 512GB | Chính hãng Apple Việt Nam,https://cellphones.com.vn/macbook-pro-14-inch-m3-pro-2023-18gb-512gb-sac-96w.html,48.790.000đ,238,238.0,49.990.000đ,238.0,Giảm 2%,238.0,500.000đ,MacBook Pro
Laptop MSI Prestige 14 AI Studio C1UDXG-058VN,https://cellphones.com.vn/laptop-msi-prestige-14-ai-studio-c1udxg-058vn.html,26.990.000đ,239,239.0,30.990.000đ,239.0,Giảm 13%,239.0,800.000đ,Laptop MSI
Laptop LG Gram 2024 14Z90S-G.AH75A5,https://cellphones.com.vn/laptop-lg-gram-2024-14z90s-g-ah75a5.html,40.890.000đ,240,240.0,41.390.000đ,240.0,Giảm 1%,240.0,800.000đ,Laptop LG
Laptop MSI Modern 14 B11MO,https://cellphones.com.vn/laptop-msi-modern-14-b11mo-682vn.html,13.790.000đ,241,241.0,14.690.000đ,241.0,Giảm 6%,241.0,552.000đ,Laptop MSI
Laptop ASUS TUF Gaming F15 FX507VI-LP088W,https://cellphones.com.vn/laptop-asus-tuf-gaming-f15-fx507vi-lp088w.html,37.490.000đ,242,242.0,45.990.000đ,242.0,Giảm 18%,242.0,800.000đ,Laptop ASUS
Laptop LG Gram 2023 16Z90R-G.AH76A5,https://cellphones.com.vn/laptop-lg-gram-2023-16z90r-g-ah76a5.html,34.990.000đ,243,,,,,243.0,350.000đ,Laptop LG
Laptop MSI Prestige 14 AI Studio C1VEG-056VN,https://cellphones.com.vn/laptop-msi-prestige-14-ai-studio-c1veg-056vn.html,32.990.000đ,244,244.0,36.990.000đ,244.0,Giảm 11%,244.0,800.000đ,Laptop MSI
iMac M3 24 inch 8GB 256GB 10 GPU | Chính hãng Apple Việt Nam,https://cellphones.com.vn/imac-m3-2023-24-inch-8gb-256gb-10gpu.html,40.990.000đ,245,245.0,41.990.000đ,245.0,Giảm 2%,245.0,500.000đ,iMac M3
Laptop Asus Vivobook 14X A1403ZA-LY153W,https://cellphones.com.vn/laptop-asus-vivobook-14x-a1403za-ly153w.html,11.290.000đ,246,246.0,14.900.000đ,246.0,Giảm 24%,246.0,452.000đ,Laptop Asus
Apple iMac 24 2021 M1 7GPU 16GB 256GB Chính Hãng,https://cellphones.com.vn/imac-2021-16gb.html,40.990.000đ,247,,,,,247.0,410.000đ,Apple iMac
Laptop Asus Tuf Gaming FA707RC HX130W,https://cellphones.com.vn/laptop-asus-tuf-gaming-fa707rc-hx130w.html,24.790.000đ,248,248.0,29.490.000đ,248.0,Giảm 16%,248.0,800.000đ,Laptop Asus
Laptop LG Gram 2024 16Z90S-G.AH76A5,https://cellphones.com.vn/laptop-lg-gram-2024-16z90s-g-ah76a5.html,44.990.000đ,249,,,,,249.0,450.000đ,Laptop LG
iMac 24 2021 M1 8GPU 16GB 256GB I Chính hãng Apple Việt Nam,https://cellphones.com.vn/imac-2021-8gpu-16gb.html,45.990.000đ,250,,,,,250.0,460.000đ,iMac 24
iMac M3 24 inch 8GPU 16GB 512GB | Chính hãng Apple Việt Nam,https://cellphones.com.vn/imac-m3-2023-24-inch-8gpu-16gb-512gb.html,46.490.000đ,251,251.0,46.990.000đ,251.0,Giảm 1%,251.0,500.000đ,iMac M3
Laptop LG Gram 2024 2in1 14T90S-G.AH55A5,https://cellphones.com.vn/laptop-lg-gram-2024-2in1-14t90s-g-ah55a5.html,43.500.000đ,252,,,,,252.0,435.000đ,Laptop LG
Laptop ASUS Vivobook 15 OLED A1505VA-MA469W,https://cellphones.com.vn/laptop-asus-vivobook-15-oled-a1505va-ma469w.html,23.290.000đ,253,253.0,24.990.000đ,253.0,Giảm 7%,253.0,800.000đ,Laptop ASUS
Laptop LG Gram 2024 Super Slim 15Z90ST-G.AH75A5,https://cellphones.com.vn/laptop-lg-gram-2024-super-slim-15z90st-g-ah75a5.html,46.000.000đ,254,,,,,254.0,460.000đ,Laptop LG
Laptop LG Gram 2024 Pro 16Z90SP-K.AH75A5,https://cellphones.com.vn/laptop-lg-gram-2024-pro-16z90sp-k-ah75a5.html,50.900.000đ,255,,,,,255.0,509.000đ,Laptop LG
Laptop Lenovo Gaming Legion 5 Pro 16IRX9 83DF0046VN,https://cellphones.com.vn/laptop-lenovo-gaming-legion-pro-5-16irx9-83df0046vn.html,51.990.000đ,256,,,,,256.0,520.000đ,Laptop Lenovo
Laptop ASUS VivoBook 14 X1404ZA-NK075W,https://cellphones.com.vn/laptop-asus-vivobook-14-x1404za-nk075w.html,8.990.000đ,257,,,,,257.0,90.000đ,Laptop ASUS
Laptop Lenovo LOQ 15IAX9 83GS001QVN,https://cellphones.com.vn/laptop-lenovo-loq-15iax9-83gs001qvn.html,25.290.000đ,258,,,,,258.0,253.000đ,Laptop Lenovo
Apple MacBook Pro 13 Touch Bar M1 256GB 2020 I Chính hãng Apple Việt Nam,https://cellphones.com.vn/macbook-pro-2020-13-inch-touch-bar-m1.html,27.590.000đ,259,,,,,259.0,276.000đ,Apple MacBook
Laptop MSI Gaming GF63 12UC-887VN,https://cellphones.com.vn/laptop-msi-gaming-gf63-12uc-887vn.html,17.990.000đ,260,,,,,260.0,180.000đ,Laptop MSI
Laptop Lenovo LOQ 15ARP9 83JC003VVN,https://cellphones.com.vn/laptop-lenovo-loq-15arp9-83jc003vvn.html,25.890.000đ,261,,,,,261.0,259.000đ,Laptop Lenovo
Laptop Lenovo LOQ 15ARP9 83JC003YVN,https://cellphones.com.vn/laptop-lenovo-loq-15arp9-83jc003yvn.html,29.290.000đ,262,262.0,31.490.000đ,262.0,Giảm 7%,262.0,800.000đ,Laptop Lenovo
Laptop ASUS VivoBook 14X OLED K3405ZF-KM184W,https://cellphones.com.vn/laptop-asus-vivobook-14x-oled-k3405zf-km184w.html,19.990.000đ,263,,,,,263.0,200.000đ,Laptop ASUS
Laptop ASUS TUF Gaming A15 FA507NU-LP131W,https://cellphones.com.vn/laptop-asus-tuf-gaming-a15-fa507nu-lp131w.html,25.490.000đ,264,,,,,264.0,255.000đ,Laptop ASUS
Laptop Acer Swift 3 SF314-512-56QN NX.K0FSV.002,https://cellphones.com.vn/laptop-acer-swift-3-sf314-512-56qn-nx-k0fsv-002.html,17.990.000đ,265,,,,,265.0,180.000đ,Laptop Acer
Apple MacBook Air M1 512GB 2020 I Chính hãng Apple Việt Nam,https://cellphones.com.vn/macbook-air-2020-m1-512gb.html,34.990.000đ,266,,,,,266.0,350.000đ,Apple MacBook
MacBook Pro 16 M3 Max 36GB - 1TB | Chính hãng Apple Việt Nam,https://cellphones.com.vn/macbook-pro-16-inch-m3-max-2023-36gb-1tb.html,87.990.000đ,267,,,,,267.0,880.000đ,MacBook Pro
Laptop Dell Inspiron 15 3520 W15KT,https://cellphones.com.vn/laptop-dell-inspiron-15-3520-w15kt.html,12.190.000đ,268,268.0,13.990.000đ,268.0,Giảm 13%,268.0,488.000đ,Laptop Dell
Laptop Lenovo LOQ 15ARP9 83JC007JVN,https://cellphones.com.vn/laptop-lenovo-loq-15arp9-83jc007jvn.html,23.490.000đ,269,269.0,24.490.000đ,269.0,Giảm 4%,269.0,800.000đ,Laptop Lenovo
Laptop Lenovo Ideapad Slim 5 16IAH8 83BG004EVN,https://cellphones.com.vn/laptop-lenovo-ideapad-slim-5-16iah8-83bg004evn.html,16.990.000đ,270,,,,,270.0,170.000đ,Laptop Lenovo
Laptop ASUS VivoBook 15 OLED A1505VA-L1201W,https://cellphones.com.vn/laptop-asus-vivobook-15-oled-a1505va-l1201w.html,21.890.000đ,271,271.0,24.990.000đ,271.0,Giảm 12%,271.0,800.000đ,Laptop ASUS
Laptop ASUS ZenBook 14 OLED UX3402VA-KM085W,https://cellphones.com.vn/laptop-asus-zenbook-14-oled-ux3402va-km085w.html,22.690.000đ,272,,,,,272.0,227.000đ,Laptop ASUS
Laptop HP Pavilion 14-DV2073TU 7C0P2PA,https://cellphones.com.vn/laptop-hp-pavilion-14-dv2073tu-7c0p2pa.html,18.490.000đ,273,,,,,273.0,185.000đ,Laptop HP
Mac mini M2 2023 (8 CPU - 10 GPU - 8GB - 256GB) | Chính hãng Apple Việt Nam,https://cellphones.com.vn/mac-mini-m2-2023.html,14.990.000đ,274,,,,,274.0,150.000đ,Mac mini
Laptop ASUS VivoBook S 14 Flip TN3402YA-LZ192W,https://cellphones.com.vn/laptop-asus-vivobook-s-14-flip-tn3402ya-lz192w.html,16.290.000đ,275,,,,,275.0,163.000đ,Laptop ASUS
Laptop ASUS Vivobook 15 Oled A1505VA L1491W,https://cellphones.com.vn/laptop-asus-vivobook-15-oled-a1505va-l1491w.html,20.390.000đ,276,276.0,22.990.000đ,276.0,Giảm 11%,276.0,800.000đ,Laptop ASUS
Laptop ASUS TUF GAMING F15 FX506HF-HN014W,https://cellphones.com.vn/laptop-asus-tuf-gaming-f15-fx506hf-hn014w.html,16.290.000đ,277,,,,,277.0,163.000đ,Laptop ASUS
Laptop MSI Gaming GF63 Thin 12UC-803VN,https://cellphones.com.vn/laptop-msi-gaming-gf63-thin-12uc-803vn.html,15.490.000đ,278,,,,,278.0,155.000đ,Laptop MSI
MacBook Pro 16 M3 Max 48GB - 1TB | Chính hãng Apple Việt Nam,https://cellphones.com.vn/macbook-pro-16-inch-m3-max-2023-48gb-1tb.html,101.990.000đ,279,,,,,279.0,1.020.000đ,MacBook Pro
Laptop MSI Gaming Bravo 15 B7ED-010VN,https://cellphones.com.vn/laptop-msi-gaming-bravo-15-b7ed-010vn.html,16.490.000đ,280,280.0,18.490.000đ,280.0,Giảm 11%,280.0,660.000đ,Laptop MSI
Laptop Lenovo LOQ 15IAX9 83GS000RVN,https://cellphones.com.vn/laptop-lenovo-loq-15iax9-83gs000rvn.html,25.990.000đ,281,,,,,281.0,260.000đ,Laptop Lenovo
Laptop Lenovo Ideapad Flex 5 14ALC7 82R900ECVN,https://cellphones.com.vn/laptop-lenovo-ideapad-flex-5-14alc7-82r900ecvn.html,15.490.000đ,282,,,,,282.0,155.000đ,Laptop Lenovo
Laptop HP 14-DQ2055WM 39K15UA - Nhập khẩu chính hãng,https://cellphones.com.vn/laptop-hp-14-dq2055wm-39k15ua.html,10.490.000đ,283,,,,,283.0,105.000đ,Laptop HP
Laptop Lenovo IdeaPad Flex 5 14IAU7 82R700JLVN,https://cellphones.com.vn/laptop-lenovo-ideapad-flex-5-14iau7-82r700jlvn.html,16.990.000đ,284,,,,,284.0,170.000đ,Laptop Lenovo
Laptop ASUS Gaming FX506LH-HN002T,https://cellphones.com.vn/laptop-asus-tuf-gaming-f15-fx506lh.html,15.990.000đ,285,,,,,285.0,160.000đ,Laptop ASUS
Laptop Lenovo ThinkBook 15 G5 IRL 21JD002FVN,https://cellphones.com.vn/laptop-lenovo-thinkbook-15-g5-irl-21jd002fvn.html,16.290.000đ,286,,,,,286.0,163.000đ,Laptop Lenovo
Apple MacBook Pro 13 Touch Bar M1 16GB 256GB 2020 I Chính hãng Apple Việt Nam,https://cellphones.com.vn/macbook-pro-2020-13-inch-touch-bar-m1-16gb.html,36.990.000đ,287,,,,,287.0,370.000đ,Apple MacBook
Laptop ASUS VivoBook Go 14 E1404FA-NK113W,https://cellphones.com.vn/laptop-asus-vivobook-go-14-e1404fa-nk113w.html,8.490.000đ,288,,,,,288.0,85.000đ,Laptop ASUS
Laptop ASUS Zenbook 14 Flip OLED UP3404VA-KN038W,https://cellphones.com.vn/laptop-asus-zenbook-14-flip-oled-up3404va-kn038w.html,24.990.000đ,289,,,,,289.0,250.000đ,Laptop ASUS
Laptop ASUS Zenbook 14 OLED UX3405MA-PP475W,https://cellphones.com.vn/laptop-asus-zenbook-14-oled-ux3405ma-pp475w.html,33.390.000đ,290,290.0,36.990.000đ,290.0,Giảm 10%,290.0,800.000đ,Laptop ASUS
Laptop ASUS TUF Gaming A15 FA507NV-LP110W,https://cellphones.com.vn/laptop-asus-tuf-gaming-a15-fa507nv-lp110w.html,25.490.000đ,291,,,,,291.0,255.000đ,Laptop ASUS
Laptop Lenovo Gaming Legion 5 Pro 16IRX9 83DF0047VN,https://cellphones.com.vn/laptop-lenovo-gaming-legion-pro-5-16irx9-83df0047vn.html,45.990.000đ,292,,,,,292.0,460.000đ,Laptop Lenovo
Laptop Lenovo Legion 5 16IRX9 83DG004XVN,https://cellphones.com.vn/laptop-lenovo-legion-5-16irx9-83dg004xvn.html,39.990.000đ,293,293.0,40.990.000đ,293.0,Giảm 2%,293.0,800.000đ,Laptop Lenovo
MacBook Air M2 2022 16GB 256GB 2022 Sạc 30W I Chính hãng Apple Việt Nam,https://cellphones.com.vn/macbook-air-m2-2022-16gb-256gb-10gpu.html,29.190.000đ,294,,,,,294.0,292.000đ,MacBook Air
Laptop ASUS VivoBook S 14 FLIP TP3402VA-LZ025W,https://cellphones.com.vn/laptop-asus-vivobook-s-14-flip-tp3402va-lz025w.html,11.490.000đ,295,295.0,16.990.000đ,295.0,Giảm 32%,295.0,460.000đ,Laptop ASUS
Laptop MSI Modern 15 B7M-231VN,https://cellphones.com.vn/laptop-msi-modern-15-b7m-231vn.html,11.990.000đ,296,,,,,296.0,120.000đ,Laptop MSI
Surface Laptop Go 12.4 Nhập Khẩu Chính Hãng,https://cellphones.com.vn/surface-laptop-go-21k-00019.html,11.990.000đ,297,,,,,297.0,120.000đ,Surface Laptop
Laptop Dell Inspiron 5425,https://cellphones.com.vn/laptop-dell-inspiron-5425.html,Giá Liên Hệ,298,,,,,,,Laptop Dell
Laptop Dell Latitude 7400,https://cellphones.com.vn/laptop-dell-latitude-7400.html,Giá Liên Hệ,299,,,,,,,Laptop Dell
Laptop Asus Vivobook Pro M3401QA KM006W,https://cellphones.com.vn/laptop-asus-vivobook-pro-m3401qa-km006w.html,15.990.000đ,300,,,,,300.0,160.000đ,Laptop Asus
Laptop LG GRAM 2023 14ZD90R-G.AX52A5,https://cellphones.com.vn/laptop-lg-gram-2023-14zd90r-g-ax52a5.html,19.990.000đ,301,,,,,301.0,200.000đ,Laptop LG
Laptop Lenovo LOQ 15IRX9 83DV00ERVN,https://cellphones.com.vn/laptop-lenovo-loq-15irx9-83dv00ervn.html,31.990.000đ,302,,,,,302.0,320.000đ,Laptop Lenovo
Laptop MSI Modern 14 C13M-608VN - Đã Kích Hoạt,https://cellphones.com.vn/laptop-msi-modern-14-c13m-608vn-cu-da-kich-hoat.html,11.490.000đ,303,,,,,303.0,115.000đ,Laptop MSI
Laptop Lenovo Yoga Slim 7 14ACN6 82N7008VVN,https://cellphones.com.vn/laptop-lenovo-yoga-slim-7-14acn6-82n7008vvn.html,15.990.000đ,304,,,,,304.0,160.000đ,Laptop Lenovo
Laptop Asus ROG Strix G16 G614JI-N4084W,https://cellphones.com.vn/laptop-asus-rog-strix-g16-g614ji-n4084w.html,43.990.000đ,305,,,,,305.0,440.000đ,Laptop Asus
Laptop ASUS TUF Gaming F15 FX506HF-HN078W,https://cellphones.com.vn/laptop-asus-tuf-gaming-f15-fx506hf-hn078w.html,16.990.000đ,306,,,,,306.0,170.000đ,Laptop ASUS
Laptop Dell XPS 9315,https://cellphones.com.vn/laptop-dell-xps-9315.html,Giá Liên Hệ,307,,,,,,,Laptop Dell
Laptop MSI Gaming GF63 Thin 11UD 473VN,https://cellphones.com.vn/laptop-msi-gaming-gf63-thin-11ud-473vn.html,15.990.000đ,308,,,,,308.0,160.000đ,Laptop MSI
Laptop Lenovo IdeaPad 3 14ITL6 82H701QWVN,https://cellphones.com.vn/laptop-lenovo-ideapad-3-14itl6-82h701qwvn.html,8.990.000đ,309,309.0,11.290.000đ,309.0,Giảm 20%,309.0,360.000đ,Laptop Lenovo
Laptop HP Envy X360 15M-ES1013,https://cellphones.com.vn/laptop-hp-envy-x360-15m-es1013.html,17.990.000đ,310,,,,,310.0,180.000đ,Laptop HP
Laptop MSI Cyborg 15 A12UCX-281VN,https://cellphones.com.vn/laptop-msi-cyborg-15-a12ucx-281vn.html,15.490.000đ,311,311.0,19.990.000đ,311.0,Giảm 23%,311.0,620.000đ,Laptop MSI
Laptop Dell Inspiron 15 3520 WTPRT,https://cellphones.com.vn/laptop-dell-inspiron-15-3520-wtprt.html,12.990.000đ,312,,,,,312.0,130.000đ,Laptop Dell
Laptop Asus Vivobook Flip 14 TP470EA EC346W,https://cellphones.com.vn/laptop-asus-vivobook-flip-14-tp470ea-ec346w.html,11.490.000đ,313,,,,,313.0,115.000đ,Laptop Asus
Laptop ASUS TUF Gaming A15 FA506IHRB-HN080W,https://cellphones.com.vn/laptop-asus-tuf-gaming-a15-fa506ihrb-hn080w.html,15.990.000đ,314,,,,,314.0,160.000đ,Laptop ASUS
Laptop MSI Modern 15 B12MO-628VN,https://cellphones.com.vn/laptop-msi-modern-15-b12mo-628vn.html,12.490.000đ,315,,,,,315.0,125.000đ,Laptop MSI
Laptop MSI Modern 14 B11MOU-1032VN,https://cellphones.com.vn/laptop-msi-modern-14-b11mou-1032vn.html,13.990.000đ,316,,,,,316.0,140.000đ,Laptop MSI
Laptop Asus TUF Gaming A15 FA507NU-LP034W,https://cellphones.com.vn/laptop-asus-tuf-gaming-a15-fa507nu-lp034w.html,21.990.000đ,317,,,,,317.0,220.000đ,Laptop Asus
Laptop ASUS TUF Gaming A15 FA507XI-LP420W,https://cellphones.com.vn/laptop-asus-tuf-gaming-a15-fa507xi-lp420w.html,34.490.000đ,318,318.0,45.490.000đ,318.0,Giảm 24%,318.0,800.000đ,Laptop ASUS
Laptop Dell Inspiron 15 3515 G6GR72,https://cellphones.com.vn/laptop-dell-inspiron-15-3515-g6gr72.html,10.990.000đ,319,,,,,319.0,110.000đ,Laptop Dell
Laptop ASUS TUF Gaming F15 FX507ZC-HN124W,https://cellphones.com.vn/laptop-asus-tuf-gaming-f15-fx507zc-hn124w.html,24.390.000đ,320,,,,,320.0,244.000đ,Laptop ASUS
Laptop ASUS TUF Gaming A15 FA507NV-LP046W,https://cellphones.com.vn/laptop-asus-tuf-gaming-a15-fa507nv-lp046w.html,26.990.000đ,321,,,,,321.0,270.000đ,Laptop ASUS
Laptop Lenovo Thinkpad X1 Carbon gen 5,https://cellphones.com.vn/laptop-lenovo-thinkpad-x1-carbon-gen-5.html,Giá Liên Hệ,322,,,,,,,Laptop Lenovo
Laptop LG Gram 2021 14Z90P-G.AH75A5 14 inch,https://cellphones.com.vn/laptop-lg-gram-2021.html,24.990.000đ,323,,,,,323.0,250.000đ,Laptop LG
Laptop ASUS Zenbook 14 Flip OLED UP3404VA-KN039W,https://cellphones.com.vn/laptop-asus-zenbook-14-flip-oled-up3404va-kn039w.html,28.990.000đ,324,,,,,324.0,290.000đ,Laptop ASUS
Laptop Gigabyte G6 KF-H3VN853SH,https://cellphones.com.vn/laptop-gigabyte-g6-kf-h3vn853sh.html,27.990.000đ,325,325.0,29.990.000đ,325.0,Giảm 7%,325.0,800.000đ,Laptop Gigabyte
Mac mini M2 2023 (8 CPU - 10 GPU - 24GB - 512GB) | Chính hãng Apple Việt Nam,https://cellphones.com.vn/mac-mini-m2-24gb-512gb-2023.html,29.900.000đ,326,,,,,326.0,299.000đ,Mac mini
Laptop Lenovo IdeaPad 3 15ITL6 82H80388VN,https://cellphones.com.vn/laptop-lenovo-ideapad-3-15itl6-82h80388vn.html,11.090.000đ,327,,,,,327.0,111.000đ,Laptop Lenovo
Laptop MSI Prestige 15 A11SCX-209VN,https://cellphones.com.vn/laptop-msi-prestige-15-a11scx-209vn.html,32.410.000đ,328,,,,,328.0,324.000đ,Laptop MSI
Laptop ASUS TUF Gaming F15 FX507VV-LP181W,https://cellphones.com.vn/laptop-asus-tuf-gaming-f15-fx507vv-lp181w.html,32.490.000đ,329,,,,,329.0,325.000đ,Laptop ASUS
MacBook Pro 14 inch M3 Max 96GB - 512GB Sạc 96W | Chính hãng Apple Việt Nam,https://cellphones.com.vn/macbook-pro-14-inch-m3-max-96gb-512gb-sac-96w.html,95.990.000đ,330,,,,,330.0,960.000đ,MacBook Pro
Laptop ASUS ZenBook Flip UX363EA,https://cellphones.com.vn/laptop-asus-zenbook-flip-ux363ea-hp726w.html,20.990.000đ,331,,,,,331.0,210.000đ,Laptop ASUS
Laptop ASUS VivoBook 15X OLED S3504VA-L1227WS,https://cellphones.com.vn/laptop-asus-vivobook-15x-oled-s3504va-l1227ws.html,21.890.000đ,332,332.0,25.990.000đ,332.0,Giảm 16%,332.0,800.000đ,Laptop ASUS
Laptop ASUS E210KA-GJ073W,https://cellphones.com.vn/laptop-asus-e210ka-gj073w.html,4.990.000đ,333,,,,,333.0,50.000đ,Laptop ASUS
Laptop ASUS TUF Gaming A15 FA506ICB-HN355W,https://cellphones.com.vn/laptop-asus-tuf-gaming-a15-fa506icb-hn355w.html,16.890.000đ,334,,,,,334.0,169.000đ,Laptop ASUS
Laptop ASUS Vivobook Pro M6500QC-MA002W,https://cellphones.com.vn/laptop-asus-vivobook-pro-m6500qc-ma002w.html,21.390.000đ,335,,,,,335.0,214.000đ,Laptop ASUS
Apple MacBook Air M2 2022 16GB 512GB Sạc 70W I Chính hãng Apple Việt Nam,https://cellphones.com.vn/macbook-air-m2-2022-16gb-512gb-sac-70w.html,33.590.000đ,336,,,,,336.0,336.000đ,Apple MacBook
Laptop ASUS VivoBook 15X A1503ZA-L1422W,https://cellphones.com.vn/laptop-asus-vivobook-15x-a1503za-l1422w.html,16.490.000đ,337,,,,,337.0,165.000đ,Laptop ASUS
Laptop ASUS VivoBook X415EA-EB640T,https://cellphones.com.vn/laptop-asus-vivobook-x415ea-eb640t.html,14.590.000đ,338,,,,,338.0,146.000đ,Laptop ASUS
Laptop Lenovo Thinkpad X1 Carbon gen 7,https://cellphones.com.vn/laptop-lenovo-thinkpad-x1-carbon-gen-7.html,Giá Liên Hệ,339,,,,,,,Laptop Lenovo
Laptop ASUS Vivobook 14 X1402ZA-EK084W,https://cellphones.com.vn/laptop-asus-vivobook-14-x1402za-ek084w.html,11.990.000đ,340,,,,,340.0,120.000đ,Laptop ASUS
Laptop Asus Zenbook 14 UX3402ZA-KM221W,https://cellphones.com.vn/laptop-asus-zenbook-14-ux3402za-km221w.html,25.450.000đ,341,,,,,341.0,255.000đ,Laptop Asus
MacBook Pro 16 inch M3 Pro 2023 (12 CPU - 18 GPU 36GB 512GB),https://cellphones.com.vn/macbook-pro-16-inch-m3-pro-36gb-512gb-2023.html,Giá Liên Hệ,342,,,,,,,MacBook Pro
Laptop MSI Gaming GE66 RAIDER 10SFS-474VN,https://cellphones.com.vn/laptop-msi-gaming-ge66-raider-10sfs-474vn.html,53.490.000đ,343,,,,,343.0,535.000đ,Laptop MSI
Laptop Asus Zenbook 14 UX3402ZA-KM219W,https://cellphones.com.vn/laptop-asus-zenbook-14-ux3402za-km219w.html,23.690.000đ,344,,,,,344.0,237.000đ,Laptop Asus
MacBook Pro 16 inch M3 Pro 2023 36GB 1TB | Chính hãng Apple Việt Nam,https://cellphones.com.vn/macbook-pro-16-inch-m3-pro-2023-36gb-1tb.html,78.990.000đ,345,,,,,345.0,790.000đ,MacBook Pro
Laptop Lenovo Thinkpad T480,https://cellphones.com.vn/laptop-lenovo-thinkpad-t480.html,Giá Liên Hệ,346,,,,,,,Laptop Lenovo
Laptop Dell Latitude E5430,https://cellphones.com.vn/laptop-dell-latitude-e5430.html,Giá Liên Hệ,347,,,,,,,Laptop Dell
Laptop Lenovo Ideapad Slim 5 16IMH9 83DC001RVN,https://cellphones.com.vn/laptop-lenovo-ideapad-slim-5-16imh9-83dc001rvn.html,21.990.000đ,348,,,,,348.0,220.000đ,Laptop Lenovo
Laptop Lenovo Thinkpad X1 Carbon gen 10,https://cellphones.com.vn/laptop-lenovo-thinkpad-x1-carbon-gen-10.html,Giá Liên Hệ,349,,,,,,,Laptop Lenovo
Laptop ASUS VivoBook M513UA-L1221T,https://cellphones.com.vn/laptop-asus-vivobook-m513ua-l1221t.html,18.090.000đ,350,,,,,350.0,181.000đ,Laptop ASUS
Laptop HP 245 G9 6L1N8PA,https://cellphones.com.vn/laptop-hp-245-g9-6l1n8pa.html,9.990.000đ,351,,,,,351.0,100.000đ,Laptop HP
MacBook Air M2 2022 16GB 512GB Sạc 35W I Chính hãng Apple Việt Nam,https://cellphones.com.vn/macbook-air-m2-2022-16gb-512gb-sac-35w.html,33.590.000đ,352,,,,,352.0,336.000đ,MacBook Air
MacBook Air M3 13 inch 2024 8CPU 10GPU 16GB 512GB | Chính hãng Apple Việt Nam,https://cellphones.com.vn/macbook-air-m3-13-inch-2024-16gb-512gb-sac-70w.html,36.990.000đ,353,,,,,353.0,370.000đ,MacBook Air
Laptop Dell Latitude 7480,https://cellphones.com.vn/laptop-dell-latitude-7480.html,Giá Liên Hệ,354,,,,,,,Laptop Dell
Laptop MSI Gaming GF63 Thin 11SC-666VN,https://cellphones.com.vn/laptop-msi-gaming-gf63-thin-11sc-666vn.html,17.990.000đ,355,,,,,355.0,180.000đ,Laptop MSI
MacBook Air M3 13 inch 2024 8GB - 256GB | Chính hãng Apple Việt Nam,https://cellphones.com.vn/macbook-air-m3-13-inch-2024-8cpu-10gpu.html,27.990.000đ,356,,,,,356.0,280.000đ,MacBook Air
MacBook Air M3 15 inch 2024 8CPU 10GPU 16GB - 512GB Sạc 70W | Chính hãng Apple Việt Nam,https://cellphones.com.vn/macbook-air-15-inch-m3-16gb-512gb-2024-sac-70w.html,42.990.000đ,357,,,,,357.0,430.000đ,MacBook Air
Laptop ASUS VivoBook M513UA-L1240T,https://cellphones.com.vn/laptop-asus-vivobook-m513ua-l1240t.html,19.690.000đ,358,,,,,358.0,197.000đ,Laptop ASUS
Laptop HP Pavilion 15-EG0072TU 2P1N3PA,https://cellphones.com.vn/laptop-hp-pavilion-15-eg0072tu.html,21.390.000đ,359,,,,,359.0,214.000đ,Laptop HP
MacBook Pro 14 M3 Pro 36GB - 512GB Sạc 70W | Chính hãng Apple Việt Nam,https://cellphones.com.vn/macbook-pro-14-inch-m3-pro-36gb-512gb-sac-70w.html,59.490.000đ,360,,,,,360.0,595.000đ,MacBook Pro
Laptop Dell Inspiron 7425,https://cellphones.com.vn/laptop-dell-inspiron-7425.html,Giá Liên Hệ,361,,,,,,,Laptop Dell
Laptop Dell XPS 15 9520,https://cellphones.com.vn/laptop-dell-xps-15-9520.html,Giá Liên Hệ,362,,,,,,,Laptop Dell
Laptop Lenovo Ideapad Slim 5 16IMH9 83DC001SVN,https://cellphones.com.vn/laptop-lenovo-ideapad-slim-5-16imh9-83dc001svn.html,Giá Liên Hệ,363,,,,,363.0,0đ,Laptop Lenovo
Laptop Lenovo Legion Slim 5 16IRH8 82YA00BUVN,https://cellphones.com.vn/laptop-lenovo-legion-slim-5-16irh8-82ya00buvn.html,39.990.000đ,364,,,,,364.0,400.000đ,Laptop Lenovo
Laptop ASUS ExpertBook B1 B1402CVA-NK0062W,https://cellphones.com.vn/laptop-asus-expertbook-b1-b1402cva-nk0062w.html,Giá Liên Hệ,365,,,,,365.0,0đ,Laptop ASUS
Laptop Dell XPS 13 9350,https://cellphones.com.vn/laptop-dell-xps-13-9350.html,Giá Liên Hệ,366,,,,,,,Laptop Dell
Laptop Acer Aspire Lite AL14-51M-59BN NX.KTXSV.001,https://cellphones.com.vn/laptop-acer-aspire-lite-al14-51m-59bn.html,Giá Liên Hệ,367,,,,,367.0,130.000đ,Laptop Acer
LAPTOP DELL INSPIRON 3505 i3505-A542BLK,https://cellphones.com.vn/laptop-dell-inspiron-3505-i3505-a542blk.html,12.990.000đ,368,,,,,368.0,0đ,LAPTOP DELL
Laptop Dell XPS 9320,https://cellphones.com.vn/laptop-dell-xps-9320.html,Giá Liên Hệ,369,,,,,,,Laptop Dell
Laptop Lenovo Thinkpad T14 gen 2,https://cellphones.com.vn/laptop-lenovo-thinkpad-t14-gen-2.html,Giá Liên Hệ,370,,,,,,,Laptop Lenovo
Laptop Lenovo Thinkpad X1 Carbon gen 6,https://cellphones.com.vn/laptop-lenovo-thinkpad-x1-carbon-gen-6.html,Giá Liên Hệ,371,,,,,,,Laptop Lenovo
MacBook Pro 14 M3 Pro 128GB - 8TB | Chính hãng Apple Việt Nam,https://cellphones.com.vn/macbook-pro-14-inch-m3-pro-128gb-8tb.html,194.990.000đ,372,,,,,372.0,1.950.000đ,MacBook Pro
Laptop HP Elitebook 840 G8,https://cellphones.com.vn/laptop-hp-elitebook-840-g8.html,Giá Liên Hệ,373,,,,,,,Laptop HP
Laptop Gigabyte G5 KF5-53VN383SH,https://cellphones.com.vn/laptop-gigabyte-g5-kf5-53vn383sh.html,Giá Liên Hệ,374,,,,,,,Laptop Gigabyte
Laptop Giagabyte G5 ME-51VN263SH,https://cellphones.com.vn/laptop-gigabyte-g5-me-51vn263sh.html,Giá Liên Hệ,375,,,,,,,Laptop Giagabyte
Laptop Lenovo Ideapad 5 14ABA7 82SE007EVN,https://cellphones.com.vn/laptop-lenovo-ideapad-5-14aba7-82se007evn.html,17.490.000đ,376,,,,,376.0,175.000đ,Laptop Lenovo
Laptop Lenovo Thinkpad X1 Carbon gen 8,https://cellphones.com.vn/laptop-lenovo-thinkpad-x1-carbon-gen-8.html,Giá Liên Hệ,377,,,,,,,Laptop Lenovo
Laptop Lenovo Thinkpad T14 gen 3,https://cellphones.com.vn/laptop-lenovo-thinkpad-t14-gen-3.html,Giá Liên Hệ,378,,,,,,,Laptop Lenovo
Laptop Gigabyte G5 MF5-52VN353SH,https://cellphones.com.vn/laptop-gigabyte-g5-mf5-52vn353sh.html,Giá Liên Hệ,379,,,,,,,Laptop Gigabyte
Laptop ASUS Gaming ROG Strix G531GT-AL030T,https://cellphones.com.vn/laptop-asus-gaming-rog-strix-g531gt-al030t.html,24.990.000đ,380,,,,,,,Laptop ASUS
Laptop MSI Prestige 13 EVO A13M-081VN,https://cellphones.com.vn/laptop-msi-prestige-13-evo-a13m-081vn.html,Giá Liên Hệ,381,,,,,,,Laptop MSI
Laptop Lenovo IdeaPad Slim 3 15IAH8 83ER000BVN,https://cellphones.com.vn/laptop-lenovo-ideapad-slim-3-15iah8-83er000bvn.html,Giá Liên Hệ,382,,,,,,,Laptop Lenovo
Laptop Gaming Acer Nitro V 16 ProPanel ANV16-41-R7EN,https://cellphones.com.vn/laptop-gaming-acer-nitro-v-anv16-41-r7en.html,27.490.000đ,383,,,,,383.0,275.000đ,Laptop Gaming
Laptop Dell Inspiron 5310,https://cellphones.com.vn/laptop-dell-inspiron-5310.html,Giá Liên Hệ,384,,,,,,,Laptop Dell
Laptop Dell Latitude E7440,https://cellphones.com.vn/laptop-dell-latitude-e7440.html,Giá Liên Hệ,385,,,,,,,Laptop Dell
Laptop Lenovo Yoga Pro 7 14IRH8 82Y70050VN,https://cellphones.com.vn/laptop-lenovo-yoga-pro-7-14irh8-82y70050vn.html,Giá Liên Hệ,386,,,,,,,Laptop Lenovo
Laptop Lenovo Ideapad Slim 5 Light 14ABR8 82XS0007VN,https://cellphones.com.vn/laptop-lenovo-ideapad-slim-5-light-14abr8-82xs0007vn.html,Giá Liên Hệ,387,,,,,,,Laptop Lenovo
Laptop HP Pavilion 15-EG3112TU 8U6L9PA,https://cellphones.com.vn/laptop-hp-pavilion-15-eg3112tu-8u6l9pa.html,22.190.000đ,388,,,,,388.0,222.000đ,Laptop HP
iMac M3 24 inch 16GB 512GB | Chính hãng Apple Việt Nam,https://cellphones.com.vn/imac-m3-2023-24-inch-16gb-512gb.html,Giá Liên Hệ,389,,,,,,,iMac M3
Laptop Dell Latitude E7470,https://cellphones.com.vn/laptop-dell-latitude-e7470.html,Giá Liên Hệ,390,,,,,,,Laptop Dell
Laptop Gigabyte G5 MD-51S1123SH,https://cellphones.com.vn/laptop-gigabyte-g5-md-51s1123sh.html,Giá Liên Hệ,391,,,,,,,Laptop Gigabyte
Laptop Gigabyte G5 KE-52VN263SH,https://cellphones.com.vn/laptop-gigabyte-g5-ke-52vn263sh.html,Giá Liên Hệ,392,,,,,,,Laptop Gigabyte
Laptop Lenovo Legion Slim 5 16IRH8 82YA00BSVN,https://cellphones.com.vn/laptop-lenovo-legion-slim-5-16irh8-82ya00bsvn.html,Giá Liên Hệ,393,,,,,,,Laptop Lenovo
Laptop Lenovo Ideapad 3 15IAU7 82RK015AVN,https://cellphones.com.vn/laptop-lenovo-ideapad-3-15iau7-82rk015avn.html,Giá Liên Hệ,394,,,,,394.0,0đ,Laptop Lenovo
Laptop Dell XPS 13 9305,https://cellphones.com.vn/laptop-dell-xps-13-9305.html,Giá Liên Hệ,395,,,,,,,Laptop Dell
Laptop HP 240 G8 518V8PA,https://cellphones.com.vn/laptop-hp-240-g8-518v8pa.html,18.990.000đ,396,,,,,,,Laptop HP
Laptop HP Gaming Victus 16-E1102AX 7C139PA,https://cellphones.com.vn/laptop-hp-gaming-victus-16-e1102ax-7c139pa.html,Giá Liên Hệ,397,,,,,,,Laptop HP
Laptop ASUS ExpertBook B1 B1402CVA-NK0177W,https://cellphones.com.vn/laptop-asus-expertbook-b1402cva-nk0177w.html,Giá Liên Hệ,398,,,,,398.0,0đ,Laptop ASUS
Laptop HP Probook 450 G9,https://cellphones.com.vn/laptop-hp-probook-450-g9.html,Giá Liên Hệ,399,,,,,,,Laptop HP
Laptop Dell XPS 13 9370,https://cellphones.com.vn/laptop-dell-xps-13-9370.html,Giá Liên Hệ,400,,,,,,,Laptop Dell
Laptop ASUS VivoBook S 14 OLED S5406MA-PP161W,https://cellphones.com.vn/laptop-asus-vivobook-s-14-oled-s5406ma-pp161w.html,Giá Liên Hệ,401,,,,,,,Laptop ASUS
Laptop Gaming Acer Nitro V 16 ProPanel ANV16-41-R6NA,https://cellphones.com.vn/laptop-gaming-acer-nitro-v-anv16-41-r6na.html,32.990.000đ,402,,,,,402.0,330.000đ,Laptop Gaming
Laptop HP Elitebook 820 G3,https://cellphones.com.vn/laptop-hp-elitebook-820-g3.html,Giá Liên Hệ,403,,,,,,,Laptop HP
Laptop HP Envy 16-H0205TX 7C0T2PA,https://cellphones.com.vn/laptop-hp-envy-16-h0205tx-7c0t2pa.html,Giá Liên Hệ,404,,,,,,,Laptop HP
Laptop Dell XPS 15 9570,https://cellphones.com.vn/laptop-dell-xps-15-9570.html,Giá Liên Hệ,405,,,,,,,Laptop Dell
Laptop HP ENVY X360 13-BF0092TU 76V59PA,https://cellphones.com.vn/laptop-hp-envy-x360-13-bf0092tu-76v59pa.html,Giá Liên Hệ,406,,,,,,,Laptop HP
Laptop Acer Aspire 3 A315-42-R4XD NX.HF9SV.008,https://cellphones.com.vn/laptop-acer-aspire-3-a315-42-r4xd.html,18.990.000đ,407,,,,,,,Laptop Acer
Laptop Dell Latitude 7280,https://cellphones.com.vn/laptop-dell-latitude-7280.html,Giá Liên Hệ,408,,,,,,,Laptop Dell
Laptop ASUS ExpertBook B1 B1402CVA-NK0176W,https://cellphones.com.vn/laptop-asus-expertbook-b1-b1402cva-nk0176w.html,Giá Liên Hệ,409,,,,,409.0,0đ,Laptop ASUS
Laptop Dell Latitude E7270,https://cellphones.com.vn/laptop-dell-latitude-e7270.html,Giá Liên Hệ,410,,,,,,,Laptop Dell
Laptop Vaio FE 15 VWNC51527-BL,https://cellphones.com.vn/laptop-vaio-fe-15-vwnc51527-bl.html,Giá Liên Hệ,411,,,,,,,Laptop Vaio
Laptop Dell Latitude 5420,https://cellphones.com.vn/laptop-dell-latitude-5420.html,Giá Liên Hệ,412,,,,,,,Laptop Dell
Laptop HP Elitebook 640 G9,https://cellphones.com.vn/laptop-hp-elitebook-640-g9.html,Giá Liên Hệ,413,,,,,,,Laptop HP
Laptop Lenovo Thinkpad P51,https://cellphones.com.vn/laptop-lenovo-thinkpad-p51.html,Giá Liên Hệ,414,,,,,,,Laptop Lenovo
Laptop Dell Alienware M15 R7,https://cellphones.com.vn/laptop-dell-alienware-m15-r7.html,Giá Liên Hệ,415,,,,,,,Laptop Dell
Laptop ASUS VivoBook 14 X1404VA-NK125W,https://cellphones.com.vn/laptop-asus-vivobook-14-x1404va-nk125w.html,Giá Liên Hệ,416,,,,,,,Laptop ASUS
MacBook Pro 16 inch M2 Max 64GB 2023 (12CPU - 38 GPU - 64GB - 1TB),https://cellphones.com.vn/macbook-pro-16-inch-m2-max-64gb-2023.html,Giá Liên Hệ,417,,,,,,,MacBook Pro
Laptop Dell XPS 13 9300,https://cellphones.com.vn/laptop-dell-xps-13-9300.html,Giá Liên Hệ,418,,,,,,,Laptop Dell
Laptop Alienware X14 R1,https://cellphones.com.vn/laptop-alienware-x14-r1.html,Giá Liên Hệ,419,,,,,,,Laptop Alienware
Mac mini M2 Pro 2023 (10 CPU - 16 GPU - 32GB - 1TB) | Chính hãng Apple Việt Nam,https://cellphones.com.vn/mac-mini-m2-pro-32gb-1tb-2023.html,46.990.000đ,420,,,,,420.0,470.000đ,Mac mini
Mac mini M2 2023 (8 CPU - 10 GPU - 16GB - 1TB) | Chính hãng Apple Việt Nam,https://cellphones.com.vn/mac-mini-m2-2023-16gb-1tb.html,29.990.000đ,421,,,,,421.0,300.000đ,Mac mini
MacBook Pro 14 M3 Pro 2023 (11 CPU - 14 GPU 36GB 1TB) Sạc 70W | Chính hãng Apple Việt Nam,https://cellphones.com.vn/macbook-pro-14-inch-m3-pro-2023-36gb-1tb-sac-70w.html,64.990.000đ,422,,,,,422.0,650.000đ,MacBook Pro
Laptop Lenovo Legion 7 PRO 16IRX9H 83DE001NVN,https://cellphones.com.vn/laptop-lenovo-legion-pro-7-16irx9h-83de001nvn.html,Giá Liên Hệ,423,,,,,,,Laptop Lenovo
Laptop Lenovo Legion Slim 5 16IRH8 82YA00BTVN,https://cellphones.com.vn/laptop-lenovo-legion-slim-5-16irh8-82ya00btvn.html,Giá Liên Hệ,424,,,,,,,Laptop Lenovo
Laptop HP Pavilion 15-EG2085TU 7C0Q7PA,https://cellphones.com.vn/laptop-hp-pavilion-15-eg2085tu-7c0q7pa.html,Giá Liên Hệ,425,,,,,,,Laptop HP
Laptop Lenovo Ideapad 1 15AMN7 82VG0022VN,https://cellphones.com.vn/laptop-lenovo-ideapad-1-15amn7-82vg0022vn.html,Giá Liên Hệ,426,,,,,,,Laptop Lenovo
Laptop ASUS ExpertBook B1 B1502CVA-NJ0148W,https://cellphones.com.vn/laptop-asus-expertbook-b1-b1502cva-nj0148w.html,Giá Liên Hệ,427,,,,,427.0,0đ,Laptop ASUS
Laptop Acer Aspire 3 A315-58-529V NX.ADDSV.00N,https://cellphones.com.vn/laptop-acer-aspire-3-a315-58-529v-nx-addsv-00n.html,Giá Liên Hệ,428,,,,,428.0,0đ,Laptop Acer
Laptop Dell Inspiron 7559,https://cellphones.com.vn/laptop-dell-inspiron-7559.html,Giá Liên Hệ,429,,,,,,,Laptop Dell
Laptop HP Probook 6560B,https://cellphones.com.vn/laptop-hp-probook-6560b.html,Giá Liên Hệ,430,,,,,,,Laptop HP
Laptop Lenovo Thinkpad X1 Carbon gen 9,https://cellphones.com.vn/laptop-lenovo-thinkpad-x1-carbon-gen-9.html,Giá Liên Hệ,431,,,,,,,Laptop Lenovo
Laptop Dell Latitude E7250,https://cellphones.com.vn/laptop-dell-latitude-e7250.html,Giá Liên Hệ,432,,,,,,,Laptop Dell
Laptop HP 15S FQ1111TU 193R0PA,https://cellphones.com.vn/laptop-hp-15s-fq1111tu-193r0pa.html,Giá Liên Hệ,433,,,,,,,Laptop HP
Laptop Dell Vostro 5470,https://cellphones.com.vn/laptop-dell-vostro-5470.html,Giá Liên Hệ,434,,,,,,,Laptop Dell
Laptop Gaming Acer Nitro 5 AN515-55-5923 NH.Q7NSV.004,https://cellphones.com.vn/laptop-gaming-acer-nitro-5-an515-55-5923.html,Giá Liên Hệ,435,,,,,,,Laptop Gaming
Laptop Gaming Acer Nitro 5 AN515-45-R6EV NH.QBMSV.006,https://cellphones.com.vn/laptop-gaming-acer-nitro-5-an515-45-r6ev-nhqbmsv-006.html,Giá Liên Hệ,436,,,,,,,Laptop Gaming
Laptop Dell Alienware M16,https://cellphones.com.vn/laptop-dell-alienware-m16.html,Giá Liên Hệ,437,,,,,,,Laptop Dell
MacBook Pro 16 M3 Max 128GB - 8TB 2023 | Chính hãng Apple Việt Nam,https://cellphones.com.vn/macbook-pro-16-inch-m3-max-128gb-8tb-2023.html,182.490.000đ,438,,,,,438.0,1.825.000đ,MacBook Pro
Laptop MSI Gaming GF63 Thin 11UC-1230VN,https://cellphones.com.vn/laptop-msi-gaming-gf63-thin-11uc-1230vn.html,Giá Liên Hệ,439,,,,,,,Laptop MSI
Laptop Lenovo Legion Slim 5 16IRH8 82YA008HVN,https://cellphones.com.vn/laptop-lenovo-legion-slim-5-16irh8-82ya008hvn.html,Giá Liên Hệ,440,,,,,,,Laptop Lenovo
Laptop MSI Katana GF66 12UDK-814VN,https://cellphones.com.vn/laptop-msi-katana-gf66-12udk-814vn.html,Giá Liên Hệ,441,,,,,,,Laptop MSI
Laptop HP Gaming Victus 15-FB1022AX 94F19PA,https://cellphones.com.vn/laptop-hp-gaming-victus-15-fb1022ax-94f19pa.html,Giá Liên Hệ,442,,,,,,,Laptop HP
Laptop Lenovo Legion Slim 5 16IRH8 82YA008HVN,https://cellphones.com.vn/laptop-lenovo-legion-slim-5-16irh8-82ya008hvn.html,Giá Liên Hệ,443,,,,,,,Laptop Lenovo
Laptop Vaio FE 14 VWNC71429-BK,https://cellphones.com.vn/laptop-vaio-fe-14-vwnc71429-bk.html,Giá Liên Hệ,444,,,,,,,Laptop Vaio
Laptop Lenovo ThinkPad E16 GEN 1 21JN006GVN,https://cellphones.com.vn/laptop-lenovo-thinkpad-e16-gen-1-21jn006gvn.html,Giá Liên Hệ,445,,,,,445.0,0đ,Laptop Lenovo
Laptop ASUS Expertbook B1 B1502CVA-NJ0050W,https://cellphones.com.vn/laptop-asus-expertbook-b1-b1502cva-nj0050w.html,Giá Liên Hệ,446,,,,,446.0,0đ,Laptop ASUS
Laptop Dell Latitude E7450,https://cellphones.com.vn/laptop-dell-latitude-e7450.html,Giá Liên Hệ,447,,,,,,,Laptop Dell
Laptop Avita Liber V14,https://cellphones.com.vn/laptop-avita-liber-v14-ns14a9vnv561-ug8ab.html,Giá Liên Hệ,448,,,,,,,Laptop Avita
Laptop Lenovo Yoga Slim 7 Carbon 13IAP7 82U90044VN,https://cellphones.com.vn/laptop-lenovo-yoga-slim-7-carbon-13iap7-82u90044vn.html,Giá Liên Hệ,449,,,,,,,Laptop Lenovo
Laptop HP Probook 6570B,https://cellphones.com.vn/laptop-hp-probook-6570b.html,Giá Liên Hệ,450,,,,,,,Laptop HP
Laptop Dell Latitude E7240,https://cellphones.com.vn/laptop-dell-latitude-e7240.html,Giá Liên Hệ,451,,,,,,,Laptop Dell
Laptop Dell Latitude 5520,https://cellphones.com.vn/laptop-dell-latitude-5520.html,Giá Liên Hệ,452,,,,,,,Laptop Dell
Laptop HP Envy X360 2IN2 2022,https://cellphones.com.vn/laptop-hp-envy-x360-2in2-2022.html,Giá Liên Hệ,453,,,,,,,Laptop HP
Laptop Lenovo Thinkpad T14,https://cellphones.com.vn/laptop-lenovo-thinkpad-t14.html,Giá Liên Hệ,454,,,,,,,Laptop Lenovo
Laptop MSI Gaming GF63 Thin 11UC-1230VN - Đã Kích Hoạt,https://cellphones.com.vn/laptop-msi-gaming-gf63-thin-11uc-1230vn-da-kich-hoat.html,13.190.000đ,455,,,,,455.0,132.000đ,Laptop MSI
Laptop HP Gaming Victus 15-FA0110TX 7C0R3PA,https://cellphones.com.vn/laptop-hp-gaming-victus-15-fa0110tx-7c0r3pa.html,Giá Liên Hệ,456,,,,,,,Laptop HP
Laptop ASUS TUF Gaming A15 FA507UV-LP090W,https://cellphones.com.vn/laptop-asus-tuf-gaming-a15-fa507uv-lp090w.html,Giá Liên Hệ,457,,,,,457.0,0đ,Laptop ASUS
Laptop ASUS ExpertBook B1 B1502CVA-NJ0175W,https://cellphones.com.vn/laptop-asus-expertbook-b1-b1502cva-nj0175w.html,Giá Liên Hệ,458,,,,,458.0,0đ,Laptop ASUS
Laptop ASUS ExpertBook B1 B1502CVA-NJ0149W,https://cellphones.com.vn/laptop-asus-expertbook-b1-b1502cva-nj0149w.html,10.990.000đ,459,,,,,459.0,110.000đ,Laptop ASUS
Laptop Gaming Acer Nitro V 16 ProPanel ANV16-41-R36Y,https://cellphones.com.vn/laptop-gaming-acer-nitro-v-anv16-41-r36y.html,29.990.000đ,460,,,,,460.0,300.000đ,Laptop Gaming
Laptop Gaming Acer Nitro V 15 ProPanel ANV15-41-R7AP,https://cellphones.com.vn/laptop-gaming-acer-nitro-v-anv15-41-r7ap.html,20.990.000đ,461,461.0,22.990.000đ,461.0,Giảm 9%,461.0,800.000đ,Laptop Gaming
Apple Mac mini 8GB 256GB 2018 (MRTT2),https://cellphones.com.vn/mac-mini-8gb-256gb-2018-mrtt2.html,Giá Liên Hệ,462,,,,,,,Apple Mac
Laptop HP Probook 4530S,https://cellphones.com.vn/laptop-hp-probook-4530s.html,Giá Liên Hệ,463,,,,,,,Laptop HP
Laptop Fujitsu CH 9C13A1,https://cellphones.com.vn/laptop-fujitsu-ch-9c13a1.html,Giá Liên Hệ,464,,,,,,,Laptop Fujitsu
Laptop Dell Vostro 5568,https://cellphones.com.vn/laptop-dell-vostro-5568.html,Giá Liên Hệ,465,,,,,,,Laptop Dell
Laptop Dell XPS 15 7590,https://cellphones.com.vn/laptop-dell-xps-15-7590.html,Giá Liên Hệ,466,,,,,,,Laptop Dell
Laptop Dell Latitude E6420,https://cellphones.com.vn/laptop-dell-latitude-e6420.html,Giá Liên Hệ,467,,,,,,,Laptop Dell
Laptop Dell Inspiron 14 7420 1YT85,https://cellphones.com.vn/laptop-dell-inspiron-14-7420-1yt85.html,Giá Liên Hệ,468,,,,,,,Laptop Dell
Laptop HP Probook 440 G9,https://cellphones.com.vn/laptop-hp-probook-440-g9.html,Giá Liên Hệ,469,,,,,,,Laptop HP
Laptop Dell Latitude E5440,https://cellphones.com.vn/laptop-dell-latitude-e5440.html,Giá Liên Hệ,470,,,,,,,Laptop Dell
Laptop ASUS Zenbook UX425EA BM069T,https://cellphones.com.vn/laptop-asus-zenbook-ux425ea-bm069t.html,24.690.000đ,471,,,,,,,Laptop ASUS
Laptop ASUS Zenbook S 13 Oled UX5304VA-NQ126W,https://cellphones.com.vn/laptop-asus-zenbook-s-13-oled-ux5304va-nq126w.html,Giá Liên Hệ,472,,,,,,,Laptop ASUS
Laptop HP Gaming Victus 16-D1191TX 7C0S5PA,https://cellphones.com.vn/laptop-hp-gaming-victus-16-d1191tx-7c0s5pa.html,Giá Liên Hệ,473,,,,,,,Laptop HP
Laptop HP Gaming Victus 16-E1104AX 7C0S9PA,https://cellphones.com.vn/laptop-hp-gaming-victus-16-e1104ax-7c0s9pa.html,Giá Liên Hệ,474,,,,,,,Laptop HP
Laptop ASUS ExpertBook B1 B1402CVA-NK0104W,https://cellphones.com.vn/laptop-asus-expertbook-b1-b1402cva-nk0104w.html,10.690.000đ,475,,,,,475.0,107.000đ,Laptop ASUS
Laptop Acer Travelmate B3 TMB311-31-C2HB N20H1_NX.VNFSV.006,https://cellphones.com.vn/laptop-acer-travelmate-b3-tmb311-31-c2hb-n20h1-nxvnfsv-006.html,Giá Liên Hệ,476,,,,,,,Laptop Acer
Laptop Dell Latitude 5400,https://cellphones.com.vn/laptop-dell-latitude-5400.html,Giá Liên Hệ,477,,,,,,,Laptop Dell
Laptop Dell XPS 9510,https://cellphones.com.vn/laptop-dell-xps-9510.html,Giá Liên Hệ,478,,,,,,,Laptop Dell
Laptop HP Elitebook 840 G9,https://cellphones.com.vn/laptop-hp-elitebook-840-g9.html,Giá Liên Hệ,479,,,,,,,Laptop HP
Laptop Dell G7 15 7500,https://cellphones.com.vn/laptop-dell-g7-15-7500.html,Giá Liên Hệ,480,,,,,,,Laptop Dell
Laptop Dell Vostro 5468,https://cellphones.com.vn/laptop-dell-vostro-5468.html,Giá Liên Hệ,481,,,,,,,Laptop Dell
Laptop Lenovo Ideapad 5 15IIL05 81YK004WVN,https://cellphones.com.vn/laptop-lenovo-ideapad-5-15iil05-81yk004wvn.html,Giá Liên Hệ,482,,,,,,,Laptop Lenovo
Laptop Lenovo Ideapad 5 14ITL05 82FG0129VN,https://cellphones.com.vn/laptop-lenovo-ideapad-5-14itl05-82fg0129vn.html,Giá Liên Hệ,483,,,,,,,Laptop Lenovo
Laptop HP Elitebook 8460P,https://cellphones.com.vn/laptop-hp-elitebook-8460p.html,Giá Liên Hệ,484,,,,,,,Laptop HP
Laptop Lenovo Thinkbook 14 G2 ARE,https://cellphones.com.vn/laptop-lenovo-thinkbook-14-g2-are.html,Giá Liên Hệ,485,,,,,,,Laptop Lenovo
Laptop Dell Latitude E5520,https://cellphones.com.vn/laptop-dell-latitude-e5520.html,Giá Liên Hệ,486,,,,,,,Laptop Dell
Laptop Dell Latitude E5570,https://cellphones.com.vn/laptop-dell-latitude-e5570.html,Giá Liên Hệ,487,,,,,,,Laptop Dell
Laptop Dell G7 15 7500,https://cellphones.com.vn/laptop-dell-g7-15-7500.html,Giá Liên Hệ,488,,,,,,,Laptop Dell
Samsung Galaxy Book,https://cellphones.com.vn/laptop-samsung-galaxy-book.html,Giá Liên Hệ,489,,,,,,,Samsung Galaxy
Laptop HP Elitebook 8470P,https://cellphones.com.vn/laptop-hp-elitebook-8470p.html,Giá Liên Hệ,490,,,,,,,Laptop HP
Laptop Lenovo Thinkpad T470S,https://cellphones.com.vn/laptop-lenovo-thinkpad-t470s.html,Giá Liên Hệ,491,,,,,,,Laptop Lenovo
Laptop Lenovo Thinkpad X260,https://cellphones.com.vn/laptop-lenovo-thinkpad-x260.html,Giá Liên Hệ,492,,,,,,,Laptop Lenovo
Laptop Dell Inspiron N7490-N4I5106W,https://cellphones.com.vn/laptop-dell-inspiron-n7490-n4i5106w.html,Giá Liên Hệ,493,,,,,,,Laptop Dell
Laptop HP 15S-DU1040TX 8RE77PA,https://cellphones.com.vn/laptop-hp-15s-du1040tx-8re77pa.html,Giá Liên Hệ,494,,,,,,,Laptop HP
Laptop HP Probook 450 G3,https://cellphones.com.vn/laptop-hp-probook-450-g3.html,Giá Liên Hệ,495,,,,,,,Laptop HP
Laptop HP Elitebook 840 G6,https://cellphones.com.vn/laptop-hp-elitebook-840-g6.html,Giá Liên Hệ,496,,,,,,,Laptop HP
Laptop HP 340S G7 36A43PA,https://cellphones.com.vn/laptop-hp-340s-g7-36a43pa.html,Giá Liên Hệ,497,,,,,,,Laptop HP
Laptop HP Pavilion 15-EG1040TU 5Z9V3PA,https://cellphones.com.vn/laptop-hp-pavilion-15-eg1040tu-5z9v3pa.html,Giá Liên Hệ,498,,,,,,,Laptop HP
Laptop ASUS Gaming ROG Strix G512-IAL013T,https://cellphones.com.vn/laptop-asus-gaming-rog-strix-g512-ihn281t.html,28.990.000đ,499,,,,,,,Laptop ASUS
Laptop Asus Gaming FX505DY-AL175T,https://cellphones.com.vn/laptop-asus-gaming-fx505dy-al175t.html,Giá Liên Hệ,500,,,,,,,Laptop Asus
Laptop ASUS Gaming ROG Strix G512-IAL013T,https://cellphones.com.vn/laptop-asus-gaming-rog-strix-g512-ihn281t.html,28.990.000đ,501,,,,,,,Laptop ASUS
Laptop ASUS TUF Gaming FX516PM HN023T,https://cellphones.com.vn/laptop-asus-tuf-gaming-fx516pm-hn023t.html,Giá Liên Hệ,502,,,,,,,Laptop ASUS
Laptop Acer Aspire 3 A315-44P-R9W8,https://cellphones.com.vn/laptop-acer-aspire-3-a315-44p-r9w8.html,Giá Liên Hệ,503,,,,,,,Laptop Acer
Laptop MSI Gaming Thin A15 B7UCX-240VN,https://cellphones.com.vn/laptop-msi-gaming-thin-a15-b7ucx-240vn.html,Giá Liên Hệ,504,,,,,,,Laptop MSI
Laptop Dell Inspiron 14 5440 NDY5V1,https://cellphones.com.vn/laptop-dell-inspiron-14-5440-ndy5v1.html,Giá Liên Hệ,505,,,,,,,Laptop Dell
Laptop Acer Swift Lite 14 AI SFL14-51M-78XZ,https://cellphones.com.vn/laptop-acer-swift-lite-14-ai-sfl14-51m-78xz.html,Giá Liên Hệ,506,,,,,,,Laptop Acer
Laptop HP Gaming Victus 16-S0173AX A9LG9PA,https://cellphones.com.vn/laptop-hp-gaming-victus-16-s0173ax-a9lg9pa.html,Giá Liên Hệ,507,,,,,,,Laptop HP
Laptop MSI Cyborg 15 A12UDX-621VN,https://cellphones.com.vn/laptop-msi-cyborg-15-a12udx-621vn.html,Giá Liên Hệ,508,,,,,,,Laptop MSI
Laptop HP Pavilion 15-EG2062TX 7C0W7PA,https://cellphones.com.vn/laptop-hp-pavilion-15-eg2062tx-7c0w7pa.html,Giá Liên Hệ,509,,,,,,,Laptop HP
Laptop Lenovo LOQ 15IRX9 83DV0092VN,https://cellphones.com.vn/laptop-lenovo-loq-15irx9-83dv0092vn.html,Giá Liên Hệ,510,,,,,,,Laptop Lenovo
Laptop Lenovo Gaming Legion 7 Pro 16IRX9H 83DE001MVN,https://cellphones.com.vn/laptop-lenovo-gaming-legion-pro-7-16irx9h-83de001mvn.html,Giá Liên Hệ,511,,,,,,,Laptop Lenovo
Laptop Dell Latitude 3520 71012298,https://cellphones.com.vn/laptop-dell-latitude-3520-71012298.html,Giá Liên Hệ,512,,,,,,,Laptop Dell
Laptop ASUS Vivobook 15X OLED M3504YA-L1268W,https://cellphones.com.vn/laptop-asus-vivobook-15x-oled-m3504ya-l1268w.html,Giá Liên Hệ,513,,,,,,,Laptop ASUS
Laptop HP Pavilion 15 EG2065TX 7C0Q3PA,https://cellphones.com.vn/laptop-hp-pavilion-15-eg2065tx-7c0q3pa-i5-1235u-8gb-256gb.html,Giá Liên Hệ,514,,,,,,,Laptop HP
Laptop ASUS Vivobook S 14 OLED S5406MA-PP219WS,https://cellphones.com.vn/laptop-asus-vivobook-s-14-oled-s5406ma-pp219ws.html,Giá Liên Hệ,515,,,,,,,Laptop ASUS
Laptop HP Gaming Victus 16-E1105AX 7C0T0PA,https://cellphones.com.vn/laptop-hp-gaming-victus-16-e1105ax-7c0t0pa.html,Giá Liên Hệ,516,,,,,,,Laptop HP
Laptop ASUS Expertbook B5 B5602CVA-L20164W,https://cellphones.com.vn/laptop-asus-expertbook-b5-b5602cva-l20164w.html,Giá Liên Hệ,517,,,,,517.0,0đ,Laptop ASUS
Laptop ASUS Expertbook B5 B5402CVA-KI0229W,https://cellphones.com.vn/laptop-asus-expertbook-b5-b5402cva-ki0229w.html,Giá Liên Hệ,518,,,,,518.0,0đ,Laptop ASUS
Laptop Lenovo Ideapad Slim 5 14IMH9 83DA001YVN,https://cellphones.com.vn/laptop-lenovo-ideapad-slim-5-14imh9-83da001yvn.html,Giá Liên Hệ,519,,,,,519.0,0đ,Laptop Lenovo
Laptop ASUS Expertbook B5 B5402CVA-KI0123W,https://cellphones.com.vn/laptop-asus-expertbook-b5-b5402cva-ki0123w.html,Giá Liên Hệ,520,,,,,520.0,0đ,Laptop ASUS
Laptop ASUS ExpertBook B1 B1502CVA-NJ0101W,https://cellphones.com.vn/laptop-asus-expertbook-b1-b1502cva-nj0101w.html,10.690.000đ,521,,,,,521.0,0đ,Laptop ASUS
Laptop MSI Prestige 13 AI EVO A1MG-062VN,https://cellphones.com.vn/laptop-msi-prestige-13-ai-evo-a1mg-062vn.html,32.990.000đ,522,,,,,522.0,107.000đ,Laptop MSI
Laptop ASUS ROG Strix G16 G614JI-N4125W,https://cellphones.com.vn/laptop-asus-rog-strix-g16-g614ji-n4125w.html,50.990.000đ,523,,,,,523.0,330.000đ,Laptop ASUS
Laptop Gaming Acer Nitro V 16 ProPanel ANV16-41-R6ZY,https://cellphones.com.vn/laptop-gaming-acer-nitro-v-anv16-41-r6zy.html,25.990.000đ,524,,,,,524.0,510.000đ,Laptop Gaming
Laptop Lenovo LOQ 15IAX9 83GS000JVN,https://cellphones.com.vn/laptop-lenovo-loq-15iax9.html,Giá Liên Hệ,525,,,,,525.0,260.000đ,Laptop Lenovo
Laptop Lenovo 100E Gen 2 Celeron,https://cellphones.com.vn/laptop-lenovo-100e-gen-2-celeron.html,Giá Liên Hệ,526,,,,,,,Laptop Lenovo
Laptop Dell Inspiron N3501,https://cellphones.com.vn/laptop-dell-insprion-3501.html,Giá Liên Hệ,527,,,,,,,Laptop Dell
Laptop Dell Inspiron 5515 R1505S,https://cellphones.com.vn/laptop-dell-inspiron-5515-r1505s.html,Giá Liên Hệ,528,,,,,,,Laptop Dell
Apple Mac Studio M1 Max 10 CPU - 24 GPU 32GB 512GB 2022 Chính Hãng (MJMV3),https://cellphones.com.vn/apple-mac-studio-m1-max-10cpu-24gpu-32gb-512gb-2022-48839.html,Giá Liên Hệ,529,,,,,,,Apple Mac
Laptop Dell Latitude 3420,https://cellphones.com.vn/laptop-dell-latitude-3420.html,Giá Liên Hệ,530,,,,,,,Laptop Dell
Laptop Dell Latitude 5480,https://cellphones.com.vn/laptop-dell-latitude-5480.html,Giá Liên Hệ,531,,,,,,,Laptop Dell
Laptop HP Pavilion 15-EG0509TU 46M08PA,https://cellphones.com.vn/laptop-hp-pavilion-15-eg0509tu-46m08pa.html,Giá Liên Hệ,532,,,,,,,Laptop HP
Laptop HP 15S FQ1107TU,https://cellphones.com.vn/laptop-hp-15s-fq1107tu.html,Giá Liên Hệ,533,,,,,,,Laptop HP
Laptop HP 15S-DU3591TU,https://cellphones.com.vn/laptop-hp-15s-du3591tu.html,Giá Liên Hệ,534,,,,,,,Laptop HP
Laptop HP Elitebook 840 G3,https://cellphones.com.vn/laptop-hp-elitebook-840-g3.html,Giá Liên Hệ,535,,,,,,,Laptop HP
Laptop HP Elitebook 845 G9,https://cellphones.com.vn/laptop-hp-elitebook-845-g9.html,Giá Liên Hệ,536,,,,,,,Laptop HP
Huawei Matebook X,https://cellphones.com.vn/huawei-matebook-x.html,Giá Liên Hệ,537,,,,,,,Huawei Matebook
Laptop Dell Vostro 3578,https://cellphones.com.vn/laptop-dell-vostro-3578.html,Giá Liên Hệ,538,,,,,,,Laptop Dell
Laptop Lenovo Thinkpad T460S,https://cellphones.com.vn/laptop-lenovo-thinkpad-t460s.html,Giá Liên Hệ,539,,,,,,,Laptop Lenovo
Laptop Dell Latitude E6430,https://cellphones.com.vn/laptop-dell-latitude-e6430.html,Giá Liên Hệ,540,,,,,,,Laptop Dell
Laptop Dell Vostro 15 3530 80GG9,https://cellphones.com.vn/laptop-dell-vostro-15-3530-80gg9.html,Giá Liên Hệ,541,,,,,,,Laptop Dell
Laptop HP Elitebook 845 G9,https://cellphones.com.vn/laptop-hp-elitebook-845-g9.html,Giá Liên Hệ,542,,,,,,,Laptop HP
Laptop HP Pavilion X360 14-DY0075TU 46L93PA,https://cellphones.com.vn/laptop-hp-pavilion-x360-14-dy0076tu-46l93pa.html,Giá Liên Hệ,543,,,,,,,Laptop HP
Laptop Dell Latitude E6440,https://cellphones.com.vn/laptop-dell-latitude-e6440.html,Giá Liên Hệ,544,,,,,,,Laptop Dell
Laptop Dell Inspiron 14 5430 20DY31,https://cellphones.com.vn/laptop-dell-inspiron-14-5430-20dy31.html,Giá Liên Hệ,545,,,,,,,Laptop Dell
Laptop Dell Latitude 5480,https://cellphones.com.vn/laptop-dell-latitude-5480.html,Giá Liên Hệ,546,,,,,,,Laptop Dell
Laptop Dell Latitude 3420,https://cellphones.com.vn/laptop-dell-latitude-3420.html,Giá Liên Hệ,547,,,,,,,Laptop Dell
Laptop HP 340S G7 224L0PA,https://cellphones.com.vn/laptop-hp-340s-g7-224l0pa.html,Giá Liên Hệ,548,,,,,,,Laptop HP
Laptop Lenovo Thinkpad X1 Carbon 7 20R1S01N00,https://cellphones.com.vn/laptop-lenovo-thinkpad-x1-carbon7-20r1s01n00.html,Giá Liên Hệ,549,,,,,,,Laptop Lenovo
Laptop ASUS X509JA-EJ020T,https://cellphones.com.vn/laptop-asus-x509ja-ej020t.html,Giá Liên Hệ,550,,,,,,,Laptop ASUS
Laptop HP Elitebook 840 G5,https://cellphones.com.vn/laptop-hp-elitebook-840-g5.html,Giá Liên Hệ,551,,,,,,,Laptop HP
Laptop HP 15-AY071TU X3B53PA,https://cellphones.com.vn/laptop-hp-15-ay071tu-x3b53pa.html,Giá Liên Hệ,552,,,,,,,Laptop HP
Laptop HP Probook 450 G2,https://cellphones.com.vn/laptop-hp-probook-450-g2.html,Giá Liên Hệ,553,,,,,,,Laptop HP
Laptop HP Probook 4540s,https://cellphones.com.vn/laptop-hp-probook-4540s.html,Giá Liên Hệ,554,,,,,,,Laptop HP
Laptop HP 240 G8 46J53PA,https://cellphones.com.vn/laptop-hp-240-g8-46j53pa.html,Giá Liên Hệ,555,,,,,,,Laptop HP
Laptop HP VICTUS 16-S0077AX 8C5N6PA - Cũ Đẹp,https://cellphones.com.vn/laptop-hp-victus-16-s0077ax-r7-8c5n6pa-cu-dep.html,Giá Liên Hệ,556,,,,,,,Laptop HP
Mac Pro M2 Ultra 2023,https://cellphones.com.vn/mac-pro-m2-ultra-2023.html,Giá Liên Hệ,557,,,,,,,Mac Pro
MacBook Air 15 inch M3 16GB - 1TB 2024 Sạc 70W | Chính hãng Apple Việt Nam,https://cellphones.com.vn/macbook-air-15-inch-m3-16gb-1tb-2024-sac-70w.html,47.990.000đ,558,,,,,,,MacBook Air
Laptop ASUS Gaming ROG Zephyrus G14 GA401QM-211.ZG14,https://cellphones.com.vn/laptop-asus-gaming-rog-zephyrus-g14-ga401qm-211-zg14.html,Giá Liên Hệ,559,,,,,559.0,480.000đ,Laptop ASUS
Laptop Dell Vostro 15 3530 80GG93,https://cellphones.com.vn/laptop-dell-vostro-15-3530-80gg93.html,Giá Liên Hệ,560,,,,,,,Laptop Dell
Laptop Dell Inspiron 15 3520 N3520-I5U165W11BLU,https://cellphones.com.vn/laptop-dell-inspiron-15-3520-n3520-i5u165w11blu.html,Giá Liên Hệ,561,,,,,,,Laptop Dell
Laptop ASUS TUF Gaming F15 FX507VU-LP197W,https://cellphones.com.vn/laptop-asus-tuf-gaming-f15-fx507vu-lp197w-16gb.html,Giá Liên Hệ,562,,,,,,,Laptop ASUS
Laptop ASUS ROG Strix Scar 16 G634JYR-RA132W,https://cellphones.com.vn/laptop-asus-rog-strix-scar-16-g634jyr-ra132w.html,Giá Liên Hệ,563,,,,,,,Laptop ASUS
Laptop Lenovo IdeaPad Slim 5 Light 14ABR8 82XS0006VN,https://cellphones.com.vn/laptop-lenovo-ideapad-slim-5-light-14abr8-82xs0006vn.html,Giá Liên Hệ,564,,,,,,,Laptop Lenovo
Laptop Acer Gaming Aspire 5 A515-58GM-598J,https://cellphones.com.vn/laptop-acer-gaming-aspire-5-a515-58gm-598j.html,Giá Liên Hệ,565,,,,,,,Laptop Acer
Laptop Lenovo Ideapad Slim 5 16IAH8 83BG001XVN,https://cellphones.com.vn/laptop-lenovo-ideapad-slim-5-16iah8-83bg001xvn.html,Giá Liên Hệ,566,,,,,,,Laptop Lenovo
MacBook Air M3 15 inch 2024 24GB - 512GB Sạc 70W | Chính hãng Apple Việt Nam,https://cellphones.com.vn/macbook-air-m3-15-inch-24gb-512gb-2024-sac-70w.html,47.990.000đ,567,,,,,,,MacBook Air
Laptop ASUS Gaming ROG Zephyrus G16 GU605MV-QR196WS,https://cellphones.com.vn/laptop-asus-gaming-rog-zephyrus-g16-gu605mv-qr196ws.html,Giá Liên Hệ,568,,,,,568.0,480.000đ,Laptop ASUS
Laptop ASUS Gaming ROG Strix SCAR 18 G834JYR-R6011W,https://cellphones.com.vn/laptop-asus-gaming-rog-strix-scar-18-g834jyr-r6011w.html,Giá Liên Hệ,569,,,,,,,Laptop ASUS
Laptop Lenovo LOQ 15IAX9 83GS000JVN,https://cellphones.com.vn/laptop-lenovo-loq-15iax9-83gs000jvn.html,Giá Liên Hệ,570,,,,,,,Laptop Lenovo
Laptop Vaio FE 15 VWNC51527-BK,https://cellphones.com.vn/laptop-vaio-fe-15-vwnc51527-bk.html,Giá Liên Hệ,571,,,,,,,Laptop Vaio
Laptop HP 240 G9 6L1X3,https://cellphones.com.vn/laptop-hp-240-g9-6l1x3pa.html,Giá Liên Hệ,572,,,,,,,Laptop HP
Laptop Lenovo Legion Slim 5 16APH8 82Y9002YVN,https://cellphones.com.vn/laptop-lenovo-legion-slim-5-16aph8-82y9002yvn.html,Giá Liên Hệ,573,,,,,,,Laptop Lenovo
Laptop MSI Cyborg 15 A12UC-621VN,https://cellphones.com.vn/laptop-msi-cyborg-15-a12uc-621vn.html,Giá Liên Hệ,574,,,,,,,Laptop MSI
Laptop Lenovo Ideapad Slim 3 15IRH8 83EM003EVN,https://cellphones.com.vn/laptop-lenovo-ideapad-slim-3-15irh8-83em003evn.html,Giá Liên Hệ,575,,,,,,,Laptop Lenovo
Laptop HP Gaming Victus 16-D1187TX 7C0S4PA,https://cellphones.com.vn/laptop-hp-gaming-victus-16-d1187tx-7c0s4pa.html,Giá Liên Hệ,576,,,,,,,Laptop HP
Laptop HP Pavilion 15-EG2087TU 7C0Q9PA,https://cellphones.com.vn/laptop-hp-pavilion-15-eg2087tu-7c0q9pa.html,Giá Liên Hệ,577,,,,,,,Laptop HP
MacBook Pro 14 inch M2 Max 64GB 2023 (12 CPU - 30 GPU - 64GB - 1TB),https://cellphones.com.vn/macbook-pro-14-inch-m2-max-64gb-2023.html,88.990.000đ,578,,,,,,,MacBook Pro
Laptop Lenovo Yoga 7 2-in-1 14IML9 83DJ001FVN,https://cellphones.com.vn/laptop-lenovo-yoga-7-2-in-1-14iml9-83dj001fvn.html,Giá Liên Hệ,579,,,,,579.0,890.000đ,Laptop Lenovo
Laptop HP Gaming Victus 15-FA0108TX 7C0X0PA,https://cellphones.com.vn/laptop-hp-gaming-victus-15-fa018tx-7c0x0pa.html,Giá Liên Hệ,580,,,,,,,Laptop HP
Laptop MSI Gaming Katana AI B8VE-402VN,https://cellphones.com.vn/laptop-msi-gaming-katana-a15-ai-b8ve-402vn.html,25.990.000đ,581,,,,,,,Laptop MSI
Laptop ASUS Gaming ROG Strix SCAR 16 G634JZR-NM009W,https://cellphones.com.vn/laptop-asus-gaming-rog-strix-scar-16-g634jzr-nm009w.html,105.990.000đ,582,,,,,582.0,260.000đ,Laptop ASUS
Laptop MSI Stealth 16 AI Studio A1VGG-240VN,https://cellphones.com.vn/laptop-msi-stealth-16-ai-studio-a1vgg-240vn.html,61.990.000đ,583,,,,,583.0,1.060.000đ,Laptop MSI
Laptop Acer Gaming Aspire 7 A715-76-728X,https://cellphones.com.vn/laptop-acer-gaming-aspire-7-a715-76-728x.html,19.590.000đ,584,,,,,584.0,620.000đ,Laptop Acer
Laptop ASUS Exptertbook B9403CVA-KM0351X,https://cellphones.com.vn/laptop-asus-expertbook-b9403cva-km0351x.html,Giá Liên Hệ,585,,,,,585.0,196.000đ,Laptop ASUS
Laptop Acer Aspire 7 A715-76G-55T6,https://cellphones.com.vn/laptop-acer-aspire-7-a715-76g-55t6.html,Giá Liên Hệ,586,,,,,586.0,0đ,Laptop Acer
Laptop Acer Asprie 5 A514-56P-55K5,https://cellphones.com.vn/laptop-acer-aspire-5-a514-56p-55k5.html,15.790.000đ,587,,,,,587.0,0đ,Laptop Acer
Laptop HP Gaming Victus 16-E0170AX 4R0U7PA,https://cellphones.com.vn/laptop-hp-gaming-victus-16-e0170ax-4r0u7pa.html,22.990.000đ,588,,,,,588.0,158.000đ,Laptop HP
Laptop Acer Aspire 5 A515-58P-56RP,https://cellphones.com.vn/laptop-acer-aspire-5-a515-58p-56rp.html,15.990.000đ,589,,,,,589.0,230.000đ,Laptop Acer
Laptop MSI Cyborg 15 A13UC 861VN,https://cellphones.com.vn/laptop-msi-cyborg-15-a13uc-861vn.html,Giá Liên Hệ,590,,,,,590.0,160.000đ,Laptop MSI
Laptop MSI Modern 14 B7M-221VN,https://cellphones.com.vn/laptop-msi-modern-14-b7m-221vn.html,Giá Liên Hệ,591,,,,,591.0,0đ,Laptop MSI
