product_names,links,product_price,index_,price_old_dix,price_old_list,discount_dix,discount_list,discount_dix1,discount_list1
"Laptop Acer Nitro 5 Tiger Gaming AN515-58-5193 i5 12450H/16GB/512GB/15.6""FHD/NVIDIA GeForce RTX4050 6GB/Win11",https://fptshop.com.vn/may-tinh-xach-tay/acer-nitro-5-tiger-gaming-an515-58-5193-i5-12450h,23.490.000 ₫,1,1.0,12.990.000 ₫,1.0,-12%,1.0,Giảm 1.500.000 ₫
"Laptop Acer Aspire Lite AL16-51P-55N7 i5 1235U/16GB/512GB/16"" WUXGA/Win11",https://fptshop.com.vn/may-tinh-xach-tay/acer-aspire-lite-al16-51p-55n7,13.490.000 ₫,2,2.0,14.990.000 ₫,2.0,-10%,2.0,Giảm 1.500.000 ₫
"Laptop Asus Vivobook 15 X1504ZA-NJ517W i5-1235U/16GB/512GB/15.6"" FHD/Win11",https://fptshop.com.vn/may-tinh-xach-tay/asus-vivobook-15-x1504za-nj517w-i5-1235u,14.690.000 ₫,3,3.0,16.490.000 ₫,3.0,-11%,3.0,Giảm 1.800.000 ₫
Laptop HP 14s-dq5121TU i3 1215U/8GB/512GB/14'FHD/Win11,https://fptshop.com.vn/may-tinh-xach-tay/hp-14s-dq5121tu-i3-1215u,11.490.000 ₫,4,4.0,12.990.000 ₫,4.0,-12%,4.0,Giảm 1.500.000 ₫
"Laptop HP 15-fd0235TU i5 1334U/16GB/512GB SSD/15.6""FHD//Win11",https://fptshop.com.vn/may-tinh-xach-tay/hp-15-fd0235tu-i5-1334u,16.790.000 ₫,5,5.0,19.590.000 ₫,5.0,-14%,5.0,Giảm 2.800.000 ₫
"Laptop Lenovo IdeaPad 3 14IAH8 i5 12450H/16GB/512GB/14""FHD/Win11",https://fptshop.com.vn/may-tinh-xach-tay/lenovo-ideapad-3-14iah8-i5-12450h,14.090.000 ₫,6,6.0,15.990.000 ₫,6.0,-12%,6.0,Giảm 1.900.000 ₫
"Laptop Acer Nitro 5 Tiger Gaming AN515-58-773Y i7 12700H/16GB/512GB/15.6""FHD/NVIDIA GeForce RTX3050Ti 4GB/Win11",https://fptshop.com.vn/may-tinh-xach-tay/acer-nitro-5-tiger-gaming-an515-58-773y-i7-12700h,23.290.000 ₫,7,7.0,33.790.000 ₫,7.0,-31%,7.0,Giảm 10.500.000 ₫
"Laptop MSI Gaming Katana 15 B13UDXK-2213VN i5 13500H/16GB/1TB/15.6""FHD/RTX3050 6GB/Win11_Balo",https://fptshop.com.vn/may-tinh-xach-tay/msi-gaming-katana-15-b13udxk-2213vn-i5-13500h,21.490.000 ₫,8,8.0,24.990.000 ₫,8.0,-14%,8.0,Giảm 3.500.000 ₫
"Laptop Lenovo Gaming LOQ - 15IAX9 i5 12450HX/AI/16GB/512GB/15.6""FHD/RTX2050 4GB/Win11",https://fptshop.com.vn/may-tinh-xach-tay/lenovo-gaming-loq-15iax9-i5-12450hx,20.090.000 ₫,9,9.0,22.990.000 ₫,9.0,-13%,9.0,Giảm 2.900.000 ₫
"Laptop Acer Aspire 3 A315-44P-R5QG R7 5700U/16GB/512GB/15.6""FHD/Win11",https://fptshop.com.vn/may-tinh-xach-tay/acer-aspire-3-a315-44p-r5qg-r7-5700u,11.990.000 ₫,10,10.0,14.990.000 ₫,10.0,-20%,10.0,Giảm 3.000.000 ₫
"Laptop Asus Vivobook E1404FA-NK186W R5 7520U/16GB/512GB/14"" FHD/Win11",https://fptshop.com.vn/may-tinh-xach-tay/asus-vivobook-e1404fa-nk186w-r5-7520u,12.390.000 ₫,11,11.0,14.990.000 ₫,11.0,-17%,11.0,Giảm 2.600.000 ₫
"Laptop Asus TUF Gaming FX507ZC4-HN095W i5 12500H/16GB/512GB/15.6""/Nvidia RTX3050 4GB/Win11",https://fptshop.com.vn/may-tinh-xach-tay/asus-tuf-gaming-fx507zc4-hn095w-i5-12500h,20.290.000 ₫,12,12.0,24.990.000 ₫,12.0,-19%,12.0,Giảm 4.700.000 ₫
"Laptop MSI Gaming Thin A15 B7UCX-240VN R5-7535HS/16GB/512GB/15.6""FHD/RTX2050 4GB/Win11_Balo",https://fptshop.com.vn/may-tinh-xach-tay/msi-gaming-thin-a15-b7ucx-240vn-r5-7535hs,16.490.000 ₫,13,13.0,19.990.000 ₫,13.0,-18%,13.0,Giảm 3.500.000 ₫
Laptop HP Pavilion 15-eg3111TU i5 1335U/16GB/512GB/15.6'FHD/Win11,https://fptshop.com.vn/may-tinh-xach-tay/hp-pavilion-15-eg3111tu-i5-1335u,18.990.000 ₫,14,14.0,21.290.000 ₫,14.0,-11%,14.0,Giảm 2.300.000 ₫
Laptop HP 14s-em0086AU R5 7520U/16GB/512GB/14'FHD/AMD Radeon Graphics/Win11,https://fptshop.com.vn/may-tinh-xach-tay/hp-14s-em0086au-r5-7520u,13.790.000 ₫,15,15.0,15.190.000 ₫,15.0,-9%,15.0,Giảm 1.400.000 ₫
"Laptop Lenovo Gaming LOQ - 15IAX9 i5 12450HX/AI/12GB/512GB/15.6""FHD/RTX3050 6GB/Win11",https://fptshop.com.vn/may-tinh-xach-tay/lenovo-gaming-loq-15iax9-i5-12450hx-12gb-rtx3050,21.290.000 ₫,16,16.0,23.990.000 ₫,16.0,-11%,16.0,Giảm 2.700.000 ₫
"Laptop ASUS Vivobook 14 OLED A1405ZA-KM264W i5-12500H/16GB/512GB/14"" 2.8K/Win11",https://fptshop.com.vn/may-tinh-xach-tay/asus-vivobook-14-oled-a1405za-km264w,16.690.000 ₫,17,17.0,17.990.000 ₫,17.0,-7%,17.0,Giảm 1.300.000 ₫
"Laptop HP 15s-fq5231TU i3-1215U/8GB/256GB/15.6""FHD/Win11_8U241PA",https://fptshop.com.vn/may-tinh-xach-tay/hp-15s-fq5231tu-i3-1215u,10.490.000 ₫,18,18.0,11.990.000 ₫,18.0,-13%,18.0,Giảm 1.500.000 ₫
Laptop Asus Vivobook X1504ZA-NJ1039W i7-1255U/16GB/512GB/15.6'' FHD/Win11,https://fptshop.com.vn/may-tinh-xach-tay/asus-vivobook-x1504za-nj1039w-i7-1255u,16.690.000 ₫,19,19.0,17.990.000 ₫,19.0,-7%,19.0,Giảm 1.300.000 ₫
"Laptop Acer Aspire Go AG15-31P-32U6 i3 N305/8GB/512GB/15.6"" FHD/Win11",https://fptshop.com.vn/may-tinh-xach-tay/acer-aspire-go-ag15-31p-32u6-i3-n305,8.790.000 ₫,20,20.0,10.990.000 ₫,20.0,-20%,20.0,Giảm 2.200.000 ₫
Laptop Acer Nitro 5 Tiger Gaming AN515-58-52SP i5 12500H/8GB/512GB SSD/GeForce RTX 3050 4GB/Win11,https://fptshop.com.vn/may-tinh-xach-tay/acer-nitro-gaming-an515-58-52sp-i5-12500h,19.490.000 ₫,21,21.0,29.490.000 ₫,21.0,-34%,21.0,Giảm 10.000.000 ₫
"Laptop Dell Inspiron 14 N5440 i5 1334U/16GB/512GB/14""FHD+/Win11/Office HS21",https://fptshop.com.vn/may-tinh-xach-tay/dell-inspiron-14-n5440-i5-1334u,20.790.000 ₫,22,22.0,21.990.000 ₫,22.0,-5%,22.0,Giảm 1.200.000 ₫
"Laptop Asus TUF Gaming FA507NUR-LP101W R7-7435HS/16GB/512GB/15.6""/GeForce RTX4050 6GB/Win11",https://fptshop.com.vn/may-tinh-xach-tay/asus-tuf-gaming-fa507nur-lp101w-r7-7435hs,25.990.000 ₫,23,23.0,30.490.000 ₫,23.0,-15%,23.0,Giảm 4.500.000 ₫
"Laptop MSI Gaming Thin15 B13UC-2044VN i7-13620H/16GB/512GB/15.6""FHD/RTX3050 4GB/Win11_Balo",https://fptshop.com.vn/may-tinh-xach-tay/msi-gaming-thin15-b13uc-2044vn-i7-13620h,19.990.000 ₫,24,24.0,22.990.000 ₫,24.0,-13%,24.0,Giảm 3.000.000 ₫
"Laptop Acer Nitro 16 Phoenix Gaming AN16-41-R50Z R5 7640HS/16GB/512GB/16""WUXGA//Nvidia Geforce RTX4050 6GB/Win11",https://fptshop.com.vn/may-tinh-xach-tay/acer-nitro-16-phoenix-gaming-an16-41-r50z-r5-7640hs,23.190.000 ₫,25,25.0,30.990.000 ₫,25.0,-25%,25.0,Giảm 7.800.000 ₫
Laptop HP 14s-em0078AU R5 7520U/8GB/ 512GB/14'FHD/Win11,https://fptshop.com.vn/may-tinh-xach-tay/hp-14s-em0078au-r5-7520u,12.490.000 ₫,26,26.0,14.190.000 ₫,26.0,-12%,26.0,Giảm 1.700.000 ₫
MacBook Air 13 inch M2 2022 8CPU 8GPU 8GB/256GB,https://fptshop.com.vn/may-tinh-xach-tay/macbook-air-m2-2022-13-inch,23.990.000 ₫,27,27.0,27.990.000 ₫,27.0,-14%,27.0,Giảm 4.000.000 ₫
"Laptop HP Gaming Victus 16-s0173AX R5-7640HS/16GB/512GB/16"" 144Hz/GeForce RTX3050 6GB/Win11_A9LG9PA",https://fptshop.com.vn/may-tinh-xach-tay/hp-gaming-victus-16-s0173ax-r5-7640hs-a9lg9pa,21.990.000 ₫,28,28.0,27.390.000 ₫,28.0,-20%,28.0,Giảm 5.400.000 ₫
"Laptop Asus Gaming Vivobook K3605ZC-RP564W i5-12500H/16GB/512GB/16""/Nvidia GeForce RTX3050 4GB/Win11",https://fptshop.com.vn/may-tinh-xach-tay/asus-vivobook-gaming-k3605zc-rp564w-i5-12500h,19.290.000 ₫,29,29.0,24.990.000 ₫,29.0,-23%,29.0,Giảm 5.700.000 ₫
"Laptop Asus Vivobook 16 X1605ZA-MB193W i3 1215U/8GB/512GB/16"" WUXGA/Win11",https://fptshop.com.vn/may-tinh-xach-tay/asus-vivobook-16-x1605za-mb193w-i3-1215u,10.390.000 ₫,30,30.0,12.290.000 ₫,30.0,-15%,30.0,Giảm 1.900.000 ₫
"Laptop Dell Vostro V3520 i5-1235U/16GB/512GB/15.6""FHD/Win11/Office HS21",https://fptshop.com.vn/may-tinh-xach-tay/dell-vostro-15-3520-i5-1235u-i5u165w11gru,16.390.000 ₫,31,31.0,17.290.000 ₫,31.0,-5%,31.0,Giảm 900.000 ₫
"Laptop Asus Gaming Vivobook K3605ZF-RP634W i5-12500H/16GB/512GB/16""/Nvidia GeForce RTX2050 4GB/Win11",https://fptshop.com.vn/may-tinh-xach-tay/asus-gaming-vivobook-k3605zf-rp634w-i5-12500h,17.290.000 ₫,32,32.0,20.990.000 ₫,32.0,-18%,32.0,Giảm 3.700.000 ₫
Laptop HP Pavilion 15-eg3112TU i7 1355U/16GB/512GB/15.6'FHD/Win11,https://fptshop.com.vn/may-tinh-xach-tay/hp-pavilion-15-eg3112tu-i7-1355u,22.790.000 ₫,33,33.0,25.290.000 ₫,33.0,-10%,33.0,Giảm 2.500.000 ₫
"Laptop Asus Vivobook X1404ZA-NK387W i3 1215U/8GB/512GB/14"" FHD/Win11",https://fptshop.com.vn/may-tinh-xach-tay/asus-vivobook-x1404za-nk387w-i3-1215u,10.090.000 ₫,34,34.0,11.990.000 ₫,34.0,-16%,34.0,Giảm 1.900.000 ₫
"Laptop MSI Modern 14 C7M-221VN R7 7730U/8GB/512GB/14"" FHD IPS/Win 11",https://fptshop.com.vn/may-tinh-xach-tay/msii-modern-14-c7m-221vn-r7-7730u,10.990.000 ₫,35,35.0,12.990.000 ₫,35.0,-15%,35.0,Giảm 2.000.000 ₫
"Laptop Dell Vostro V3430 i5 1335U/16GB/512GB/14""FHD/Nvidia GeForce MX550 2GB/Win11/Office HS21",https://fptshop.com.vn/may-tinh-xach-tay/dell-vostro-v3430-60ygm1-i5-1335u,18.790.000 ₫,36,36.0,21.990.000 ₫,36.0,-15%,36.0,Giảm 3.200.000 ₫
Laptop Acer Aspire 7 Gaming A715-76G-5806 i5 12450H/16GB/512GB/NVIDIA RTX3050 4GB/Win11,https://fptshop.com.vn/may-tinh-xach-tay/acer-aspire-7-gaming-a715-76g-5806-i5-12450h,18.990.000 ₫,37,37.0,22.990.000 ₫,37.0,-17%,37.0,Giảm 4.000.000 ₫
"Laptop Lenovo Gaming LOQ 15IAX9 i5 12450HX/AI/24GB/512GB/15.6""FHD/RTX2050 4GB/Win11",https://fptshop.com.vn/may-tinh-xach-tay/lenovo-gaming-loq-15iax9-i5-12450hx-ai-24gb,21.090.000 ₫,38,38.0,23.990.000 ₫,38.0,-12%,38.0,Giảm 2.900.000 ₫
"Laptop Acer Aspire 5 A515-58M-56YX i5 13420H/16GB/512GB/15.6""FHD/Win11",https://fptshop.com.vn/may-tinh-xach-tay/acer-aspire-5-a515-58m-56yx-i5-13420h,14.990.000 ₫,39,39.0,17.490.000 ₫,39.0,-14%,39.0,Giảm 2.500.000 ₫
"Laptop MSI Gaming Cyborg 15 A12UC-621VN i5 12450H/16GB/512GB/15.6""FHD/RTX3050 4GB/Win11_Balo",https://fptshop.com.vn/may-tinh-xach-tay/msi-gaming-cyborg-15-a12uc-621vn-i5-12450h,17.990.000 ₫,40,40.0,19.990.000 ₫,40.0,-10%,40.0,Giảm 2.000.000 ₫
Macbook Air M3 13 2024 8CPU 8GPU/8GB/256GB,https://fptshop.com.vn/may-tinh-xach-tay/macbook-air-m3-13-2024-8cpu-8gpu-8gb-256gb,26.990.000 ₫,41,41.0,27.990.000 ₫,,,41.0,Giảm 1.000.000 ₫
"Laptop Asus Vivobook 15 OLED A1505VA-MA492W i7-13700H/16GB/512GB/15.6"" 2.8K/Win11",https://fptshop.com.vn/may-tinh-xach-tay/asus-vivobook-15-oled-a1505va-ma492w-i7-13700h,20.690.000 ₫,42,42.0,21.990.000 ₫,42.0,-6%,42.0,Giảm 1.300.000 ₫
Laptop Asus Vivobook 15 OLED A1505VA-L1113W i5 13500H/16GB/512GB/15.6'FHD/Win11,https://fptshop.com.vn/may-tinh-xach-tay/asus-vivobook-a1505va-l1113w-i5-13500h,17.490.000 ₫,43,43.0,19.990.000 ₫,43.0,-13%,43.0,Giảm 2.500.000 ₫
"Laptop Acer Aspire 7 Gaming A715-76G-73FM i7 12650H/16GB/512GB/15.6""FHD/RTX2050 4GB/Win11",https://fptshop.com.vn/may-tinh-xach-tay/acer-aspire-7-gaming-a715-76g-73fm-i7-12650h,18.490.000 ₫,44,44.0,23.990.000 ₫,44.0,-18%,44.0,Giảm 4.200.000 ₫
"Laptop Lenovo V15 G4 IRU i5 13420H/16GB/512GB/15.6""FHD/Win 11",https://fptshop.com.vn/may-tinh-xach-tay/lenovo-v15-g4-iru-i5-13420h-16gb,15.490.000 ₫,45,45.0,23.990.000 ₫,45.0,-14%,45.0,Giảm 3.300.000 ₫
"Laptop Lenovo Ideapad Slim 3 15IRH8 i7 13620H/16GB/512GB/15.6"" FHD/Win 11",https://fptshop.com.vn/may-tinh-xach-tay/lenovo-ideapad-slim-3-15irh8-i7-13620h,16.790.000 ₫,46,46.0,28.490.000 ₫,46.0,-16%,46.0,Giảm 4.700.000 ₫
"Laptop Asus Vivobook X1504VA-NJ526W i5 1335U/16GB/512GB SSD/15.6"" FHD/Win11",https://fptshop.com.vn/may-tinh-xach-tay/asus-vivobook-x1504va-nj526w-i5-1335u,15.890.000 ₫,47,47.0,17.490.000 ₫,47.0,-9%,47.0,Giảm 1.500.000 ₫
"Laptop HP 15-fc0089AU R7-7730U/16GB/512GB/15.6""FHD/AMD Radeon/Win11_A94XWPA",https://fptshop.com.vn/may-tinh-xach-tay/hp-15-fc0089au-a94xwpa-r7-7730u,17.490.000 ₫,48,48.0,18.490.000 ₫,48.0,-15%,48.0,Giảm 2.700.000 ₫
"Laptop Lenovo ThinkPad E14 G5 I5 13420H/16GB/512GB/14""WUXGA/Win 11",https://fptshop.com.vn/may-tinh-xach-tay/lenovo-thinkpad-e14-g5-i5-13420h,20.290.000 ₫,49,49.0,21.990.000 ₫,49.0,-8%,49.0,Giảm 1.700.000 ₫
"Laptop Acer Aspire 7 Gaming A715-76G-73FM i7 12650H/16GB/512GB/15.6""FHD/RTX2050 4GB/Win11",https://fptshop.com.vn/may-tinh-xach-tay/acer-aspire-7-gaming-a715-76g-73fm-i7-12650h,18.490.000 ₫,50,50.0,25.690.000 ₫,50.0,-28%,50.0,Giảm 7.200.000 ₫
"Laptop Lenovo V15 G4 IRU i5 13420H/16GB/512GB/15.6""FHD/Win 11",https://fptshop.com.vn/may-tinh-xach-tay/lenovo-v15-g4-iru-i5-13420h-16gb,15.490.000 ₫,51,51.0,15.990.000 ₫,,,51.0,Giảm 500.000 ₫
"Laptop Lenovo Ideapad Slim 3 15IRH8 i7 13620H/16GB/512GB/15.6"" FHD/Win 11",https://fptshop.com.vn/may-tinh-xach-tay/lenovo-ideapad-slim-3-15irh8-i7-13620h,16.790.000 ₫,52,52.0,18.490.000 ₫,52.0,-9%,52.0,Giảm 1.700.000 ₫
"Laptop Asus Vivobook X1504VA-NJ526W i5 1335U/16GB/512GB SSD/15.6"" FHD/Win11",https://fptshop.com.vn/may-tinh-xach-tay/asus-vivobook-x1504va-nj526w-i5-1335u,15.890.000 ₫,53,53.0,18.990.000 ₫,53.0,-16%,53.0,Giảm 3.100.000 ₫
"Laptop HP 15-fc0089AU R7-7730U/16GB/512GB/15.6""FHD/AMD Radeon/Win11_A94XWPA",https://fptshop.com.vn/may-tinh-xach-tay/hp-15-fc0089au-a94xwpa-r7-7730u,17.490.000 ₫,54,54.0,19.490.000 ₫,54.0,-10%,54.0,Giảm 2.000.000 ₫
Laptop Acer Swift X SFX16-51G-516Q i5 11320H/16GB/512GB/16.1'FHD/Nvidia RTX3050 4GB/Win11,https://fptshop.com.vn/may-tinh-xach-tay/acer-swift-x-sfx16-51g-516q-i5-11320h,18.190.000 ₫,55,55.0,22.990.000 ₫,55.0,-21%,55.0,Giảm 4.800.000 ₫
"Laptop Acer Aspire 7 Gaming A715-76G-59MW i5 12450H/8GB/512GB/15.6""FHD/Nvidia RTX2050 4GB/Win11",https://fptshop.com.vn/may-tinh-xach-tay/acer-aspire-7-a715-76g-59mw-i5-12450h,15.690.000 ₫,56,56.0,21.490.000 ₫,56.0,-27%,56.0,Giảm 5.800.000 ₫
"Laptop Asus TUF Gaming FA506NFR-HN006W R7 7435HS/16GB/512GB/15.6"" FHD/Nvidia GeForce RTX2050 4GB/Win11",https://fptshop.com.vn/may-tinh-xach-tay/asus-tuf-gaming-fa506nfr-hn006w-r7-7435hs,18.990.000 ₫,57,57.0,21.990.000 ₫,57.0,-14%,57.0,Giảm 3.000.000 ₫
"Laptop Acer Aspire Lite 16 AL16-51P-72S2 i7 1255U/16GB/512GB/16""FHD/Win11",https://fptshop.com.vn/may-tinh-xach-tay/acer-aspire-lite-16-al16-51p-72s2-i7-1255u,14.990.000 ₫,58,58.0,16.990.000 ₫,58.0,-12%,58.0,Giảm 2.000.000 ₫
"Laptop Dell Vostro 14 V3420 i5 1235U/8GB/512GB/14""FHD/Win11/Office HS21",https://fptshop.com.vn/may-tinh-xach-tay/dell-vostro-14-v3420-i5-1235u,15.390.000 ₫,59,59.0,15.990.000 ₫,,,59.0,Giảm 600.000 ₫
"Laptop HP 15-fd0083TU i7 1355U/16GB/512GB/15.6""FHD/Win11",https://fptshop.com.vn/may-tinh-xach-tay/hp-15-fd0083tu-i7-1355u,19.890.000 ₫,60,60.0,22.490.000 ₫,60.0,-12%,60.0,Giảm 2.600.000 ₫
"Laptop Lenovo ThinkBook 14 G6 IRL I5 13420H/16GB/512GB/14"" WUXGA/Win 11",https://fptshop.com.vn/may-tinh-xach-tay/lenovo-thinkbook-14-g6-irl-i5-13420h,18.290.000 ₫,61,61.0,20.290.000 ₫,61.0,-10%,61.0,Giảm 2.000.000 ₫
Laptop Asus TUF Gaming A15 FA506NF-HN005W R5 7535HS/8GB/512GB/15.6' FHD/Nvidia RTX2050 4GB/Win11,https://fptshop.com.vn/may-tinh-xach-tay/asus-tuf-gaming-a15-fa506nf-hn005w-r5-7535hs,15.990.000 ₫,62,62.0,19.990.000 ₫,62.0,-20%,62.0,Giảm 4.000.000 ₫
"Laptop Dell Inspiron N3520 i5 1235U/16GB/512GB/15.6""FHD/Win11/Office HS21",https://fptshop.com.vn/may-tinh-xach-tay/dell-inspiron-n3520-i5-1235u-n5i5203w1,16.490.000 ₫,63,63.0,17.290.000 ₫,63.0,-5%,63.0,Giảm 800.000 ₫
"Laptop Dell Inspiron N3520 i5 1235U/8GB/512GB/15.6""FHD/Win11/Office HS21",https://fptshop.com.vn/may-tinh-xach-tay/dell-inspiron-n3520-i5-1235u-i5u085w11slu,15.490.000 ₫,64,64.0,15.990.000 ₫,,,64.0,Giảm 500.000 ₫
"Laptop Acer Swift 3 SF314-512-741L i7 1260P/16GB/1T/14"" QHD/Win11",https://fptshop.com.vn/may-tinh-xach-tay/acer-swift-3-sf314-512-741l-i7-1260p,19.490.000 ₫,65,65.0,21.990.000 ₫,65.0,-18%,65.0,Giảm 4.000.000 ₫
"Laptop MSI Gaming GF63 Thin 12UC-1006VN i5 12450H/16GB/512GB/15.6""FHD/Nvidia RTX 3050 4GB/Win11",https://fptshop.com.vn/may-tinh-xach-tay/msi-gaming-gf63-thin-12uc-1006vn-i5-12450h,17.490.000 ₫,66,66.0,7.990.000 ₫,66.0,-55%,66.0,Giảm 4.400.000 ₫
"Laptop Acer Aspire 7 A715-76-53PJ i5 12450H/16GB/512GB/15.6""FHD/Win11",https://fptshop.com.vn/may-tinh-xach-tay/laptop-acer-aspire-7-a715-76-53pj-i5-12450h,14.490.000 ₫,67,67.0,20.490.000 ₫,67.0,-24%,67.0,Giảm 5.000.000 ₫
"Laptop MSI Modern 14 C12MO-660VN i5-1235U/16GB/512GB/14""FHD/Win11",https://fptshop.com.vn/may-tinh-xach-tay/msi-modern-14-c12mo-660vn-i5-1235u,11.990.000 ₫,68,68.0,17.290.000 ₫,68.0,-5%,68.0,Giảm 900.000 ₫
"Laptop Lenovo IdeaPad Slim 5 14IMH9 Ultra 5 125H/AI/16GB/512GB/14""WUXGA/OLED/Win 11",https://fptshop.com.vn/may-tinh-xach-tay/lenovo-ideapad-slim-5-14imh9-ultra-5-125h,21.590.000 ₫,69,69.0,31.990.000 ₫,69.0,-13%,69.0,Giảm 4.000.000 ₫
"Laptop Lenovo IdeaPad Slim 5 16IAH8 i5 12450H/16GB/512GB/16""WUXGA/Win11",https://fptshop.com.vn/may-tinh-xach-tay/lenovo-ideapad-slim-5-16iah8-i5-12450h,16.490.000 ₫,70,70.0,13.290.000 ₫,70.0,-17%,70.0,Giảm 2.300.000 ₫
"Laptop Lenovo Ideapad 1 - 14ALC7 R7 5700U/16GB/512GB/14.0"" FHD/Win 11",https://fptshop.com.vn/may-tinh-xach-tay/lenovo-ideapad-1-14alc7-r7-5700u,12.590.000 ₫,71,71.0,19.990.000 ₫,71.0,-13%,71.0,Giảm 2.500.000 ₫
"Laptop Acer Aspire 7 Gaming A715-76G-55T6 i5 12450H/16GB/512GB/15.6""FHD/Nvidia RTX2050 4GB/Win11",https://fptshop.com.vn/may-tinh-xach-tay/acer-aspire-7-gaming-a715-76g-55t6-i5-12450h,16.990.000 ₫,72,72.0,19.990.000 ₫,72.0,-9%,72.0,Giảm 1.700.000 ₫
"Laptop Acer Aspire 3 A315-59-51X8 i5 1235U/8GB/512GB/15.6""FHD/Win11",https://fptshop.com.vn/may-tinh-xach-tay/acer-aspire-3-a315-59-51x8-i5-1235u,10.990.000 ₫,73,73.0,21.490.000 ₫,73.0,-21%,73.0,Giảm 4.500.000 ₫
"Laptop Lenovo IdeaPad 1 15ALC7 R5 5500U/16GB/512GB/15.6"" FHD/Win11",https://fptshop.com.vn/may-tinh-xach-tay/lenovo-ideapad-1-15alc7-r5-5500u,11.290.000 ₫,74,74.0,25.990.000 ₫,74.0,-5%,74.0,Giảm 1.300.000 ₫
"Laptop MSI Gaming Cyborg 14 A13UDX-099VN i7-13620H/16GB/512GB/14"" FHD/RTX3050 6GB/W11_Balo",https://fptshop.com.vn/may-tinh-xach-tay/msi-gaming-cyborg-14-a13udx-099vn-i7-13620h,23.490.000 ₫,75,75.0,20.790.000 ₫,75.0,-16%,75.0,Giảm 3.300.000 ₫
Macbook Air M3 13 2024 8CPU 10GPU/16GB/256GB,https://fptshop.com.vn/may-tinh-xach-tay/macbook-air-m3-13-2024-8cpu-10gpu-16gb-256gb,31.990.000 ₫,76,76.0,17.090.000 ₫,,,76.0,Giảm 700.000 ₫
"Laptop MSI Gaming Thin GF63 12VE-454VN i5 12450H/16GB/512GB/15.6"" FHD/GeForce RTX 4050 6GB/Win 11",https://fptshop.com.vn/may-tinh-xach-tay/msi-gaming-thin-gf63-12ve-454vn-i5-12450h,18.990.000 ₫,77,77.0,15.990.000 ₫,,,77.0,Giảm 500.000 ₫
"Laptop Asus Zenbook 14 OLED UX3405MA-PP151W Ultra 5 125H/AI/16GB/512GB/14"" 3K/Intel Arc Graphics/Win11",https://fptshop.com.vn/may-tinh-xach-tay/asus-zenbook-14-oled-ux3405ma-pp151w-ultra-5-125h,25.990.000 ₫,78,78.0,22.990.000 ₫,78.0,-7%,78.0,Giảm 1.600.000 ₫
"Laptop Lenovo ThinkBook 16 Gen 6 i7 1355U/16GB/512GB/16.0"" WUXGA/Win 11",https://fptshop.com.vn/may-tinh-xach-tay/lenovo-thinkbook-16-g6-irl-21kh00byvn,21.890.000 ₫,79,79.0,11.990.000 ₫,79.0,-8%,79.0,Giảm 1.000.000 ₫
"Laptop MSI Modern 14 C7M-220VN R5 7530U/8GB/512GB/14""FHD/Win 11",https://fptshop.com.vn/may-tinh-xach-tay/msi-modern-14-c7m-220vn-r5-7530u,9.990.000 ₫,80,80.0,32.490.000 ₫,80.0,-14%,80.0,Giảm 4.500.000 ₫
"Laptop MSI Gaming Cyborg 14 A13UDX-099VN i7-13620H/16GB/512GB/14"" FHD/RTX3050 6GB/W11_Balo",https://fptshop.com.vn/may-tinh-xach-tay/msi-gaming-cyborg-14-a13udx-099vn-i7-13620h,23.490.000 ₫,81,81.0,10.990.000 ₫,81.0,-9%,81.0,Giảm 1.000.000 ₫
Macbook Air M3 13 2024 8CPU 10GPU/16GB/256GB,https://fptshop.com.vn/may-tinh-xach-tay/macbook-air-m3-13-2024-8cpu-10gpu-16gb-256gb,31.990.000 ₫,82,82.0,32.890.000 ₫,82.0,-16%,82.0,Giảm 5.400.000 ₫
"Laptop MSI Gaming Thin GF63 12VE-454VN i5 12450H/16GB/512GB/15.6"" FHD/GeForce RTX 4050 6GB/Win 11",https://fptshop.com.vn/may-tinh-xach-tay/msi-gaming-thin-gf63-12ve-454vn-i5-12450h,18.990.000 ₫,83,83.0,12.490.000 ₫,83.0,-20%,83.0,Giảm 2.500.000 ₫
"Laptop Asus Zenbook 14 OLED UX3405MA-PP151W Ultra 5 125H/AI/16GB/512GB/14"" 3K/Intel Arc Graphics/Win11",https://fptshop.com.vn/may-tinh-xach-tay/asus-zenbook-14-oled-ux3405ma-pp151w-ultra-5-125h,25.990.000 ₫,84,84.0,38.390.000 ₫,84.0,-11%,84.0,Giảm 4.400.000 ₫
MacBook Pro 14 2023 M3 8 CPU/10 GPU/8GB/512GB,https://fptshop.com.vn/may-tinh-xach-tay/macbook-pro-14-2023-m3-8-cpu-10-gpu-8gb-512gb,38.190.000 ₫,85,85.0,19.990.000 ₫,85.0,-8%,85.0,Giảm 1.500.000 ₫
"Laptop MSI Modern 14 C7M-220VN R5 7530U/8GB/512GB/14""FHD/Win 11",https://fptshop.com.vn/may-tinh-xach-tay/msi-modern-14-c7m-220vn-r5-7530u,9.990.000 ₫,86,86.0,22.990.000 ₫,86.0,-19%,86.0,Giảm 4.400.000 ₫
MacBook Air 15 inch M2 2023 8CPU 10GPU 8GB/256GB,https://fptshop.com.vn/may-tinh-xach-tay/macbook-air-m2-2023-15-inch,27.490.000 ₫,87,87.0,17.290.000 ₫,87.0,-5%,87.0,Giảm 800.000 ₫
"Laptop Dell Inspiron 16 N5640 i5 1334U/16GB/512GB/16"" FHD+/Win11/Office HS21",https://fptshop.com.vn/may-tinh-xach-tay/dell-inspiron-16-n5640-i5-1334u,21.990.000 ₫,88,88.0,20.990.000 ₫,88.0,-12%,88.0,Giảm 2.500.000 ₫
"Laptop HP Gaming Victus 16-r0127TX i7-13700H/AI/16GB/512GB/16.1"" 144Hz/GeForce RTX4060 8GB/Win11_8C5N2PA",https://fptshop.com.vn/may-tinh-xach-tay/hp-victus-16-r0127tx-8c5n2pa-i7-13700h,33.990.000 ₫,89,89.0,22.990.000 ₫,89.0,-19%,89.0,Giảm 4.300.000 ₫
"Laptop Lenovo Gaming LOQ 15IAX9 i5 12450HX/AI/24GB/512GB/15.6""FHD/RTX4050_6GB/Win11",https://fptshop.com.vn/may-tinh-xach-tay/lenovo-gaming-loq-15iax9-i5-12450hx-24gb-512gb,27.990.000 ₫,90,90.0,14.790.000 ₫,90.0,-7%,90.0,Giảm 1.100.000 ₫
"Laptop Lenovo IdeaPad Slim 5 14IMH9 Ultra 7-155H/AI/16GB/512G/14""WUXGA/OLED/Win 11",https://fptshop.com.vn/may-tinh-xach-tay/lenovo-ideapad-slim-5-14imh9-ultra-7-155h,24.490.000 ₫,91,91.0,19.690.000 ₫,91.0,-11%,91.0,Giảm 2.200.000 ₫
"Laptop Acer Aspire 3 A315-510P-34XZ i3 N305/8GB/512GB/15.6""FHD/Win11",https://fptshop.com.vn/may-tinh-xach-tay/acer-aspire-3-a315-510p-34xz-i3-n305,9.490.000 ₫,92,92.0,21.990.000 ₫,92.0,-18%,92.0,Giảm 4.000.000 ₫
"Laptop Lenovo Ideapad Slim 3 - 15ABR8 R5 7430U/16GB/512GB/15.6""FHD/Win 11",https://fptshop.com.vn/may-tinh-xach-tay/lenovo-ideapad-slim-3-15abr8-r5-7430u,11.590.000 ₫,93,93.0,7.990.000 ₫,93.0,-55%,93.0,Giảm 4.400.000 ₫
"Laptop Asus Vivobook S16 OLED S5606MA-MX051W Intel Core Ultra 7-155H/AI/16GB/512GB/16"" 3.2K/Arc Graphics/Win11",https://fptshop.com.vn/may-tinh-xach-tay/asus-vivobook-s16-oled-s5606ma-mx051w-intel-core-ultra-7-155h,26.890.000 ₫,94,94.0,20.490.000 ₫,94.0,-24%,94.0,Giảm 5.000.000 ₫
"Laptop Dell Inspiron N3530 i5 1334U/16GB/512GB/15.6""FHD/Win11/Office HS21",https://fptshop.com.vn/may-tinh-xach-tay/dell-inspiron-n3530-i5-1334u-71043885,18.490.000 ₫,95,95.0,17.290.000 ₫,95.0,-5%,95.0,Giảm 900.000 ₫
MacBook Air 13 inch M1 2020 8CPU 7GPU 8GB/256GB,https://fptshop.com.vn/may-tinh-xach-tay/macbook-air-13-2020-m1-256gb,18.590.000 ₫,96,96.0,31.990.000 ₫,96.0,-13%,96.0,Giảm 4.000.000 ₫
"Laptop Dell Inspiron N3520 i5 1235U/16GB/512GB/15.6""FHD/Win11/Office HS21",https://fptshop.com.vn/may-tinh-xach-tay/dell-inspiron-n3520-i5-1235u-71045026,16.490.000 ₫,97,97.0,14.390.000 ₫,97.0,-19%,97.0,Giảm 2.800.000 ₫
Laptop Asus Vivobook 15 OLED A1505VA-MA466W i5-13500H/16GB/512GB/15.6'' 2.8K/Win11,https://fptshop.com.vn/may-tinh-xach-tay/asus-vivobook-15-oled-a1505va-ma466w-i-5-13500h,18.490.000 ₫,98,98.0,29.990.000 ₫,98.0,-10%,98.0,Giảm 3.100.000 ₫
"Laptop Acer Gaming Aspire 5 A515-58GM-53CM i5 13420H/32GB/512GB/15.6""FHD/RTX2050 4GB/Win11",https://fptshop.com.vn/may-tinh-xach-tay/acer-gaming-aspire-5-a515-58g-53cm-i5-13420h,18.690.000 ₫,99,99.0,24.490.000 ₫,,,99.0,Giảm 1.000.000 ₫
"Laptop HP 245 G10 (A20TFPT) R5-7530U/16GB/256GB/14"" FHD/Win11",https://fptshop.com.vn/may-tinh-xach-tay/laptop-hp-245-g10-a20tfpt-r5-7530u,13.690.000 ₫,100,,,,,,
"Laptop HP 245 G10 R7- 7730U/16GB/512GB/14"" FHD/Win11_8F157PA",https://fptshop.com.vn/may-tinh-xach-tay/laptop-hp-245-g10-r7-7730u,17.490.000 ₫,101,101.0,32.990.000 ₫,101.0,-7%,101.0,Giảm 2.400.000 ₫
"Laptop MSI Gaming Thin A15 B7UC-261VN R5 7535HS/16GB/512GB/15.6"" FHD/RTX3050_4GB/Win11_Balo",https://fptshop.com.vn/may-tinh-xach-tay/msi-gaming-thin-a15-b7uc-261vn-r5-7535hs,17.990.000 ₫,102,102.0,33.490.000 ₫,102.0,-6%,102.0,Giảm 2.000.000 ₫
"Laptop Masstel E140 Celeron N4120/4GB/128GB/14""HD/Win10",https://fptshop.com.vn/may-tinh-xach-tay/masstel-e140-celeron-n4120,3.590.000 ₫,103,103.0,29.490.000 ₫,103.0,-5%,103.0,Giảm 1.500.000 ₫
"Laptop Acer Gaming Aspire 5 A515-58GM-53PZ i5 13420H/8GB/512GB/15.6""FHD/RTX2050 4GB/Win11",https://fptshop.com.vn/may-tinh-xach-tay/acer-gaming-aspire-5-a515-58gm-53pz-i5-13420h,15.490.000 ₫,104,104.0,17.990.000 ₫,104.0,-14%,104.0,Giảm 2.500.000 ₫
"Laptop Dell Vostro V3520 i5 1235U/16GB/512GB/15.6""FHD/Win11/Office HS21",https://fptshop.com.vn/may-tinh-xach-tay/dell-vostro-v3520-i5-1235u,16.390.000 ₫,105,105.0,26.890.000 ₫,105.0,-7%,105.0,Giảm 1.900.000 ₫
"Laptop MSI Gaming Katana 15 B13VFK-676VN i7 13620H/AI/16GB/1TB/Geforce RTX 4060 8GB/15.6""FHD/Win11_Balo",https://fptshop.com.vn/may-tinh-xach-tay/msi-gaming-katana-15-b13vfk-676vn-i7-13620h,27.990.000 ₫,106,106.0,29.890.000 ₫,106.0,-5%,106.0,Giảm 1.500.000 ₫
"Laptop HP 245 G10 R5-7520U/8GB/256GB/14""FHD/Win11 (9H8X8PT)",https://fptshop.com.vn/may-tinh-xach-tay/hp-245-g10-r5-7520u-9h8x8pt,10.990.000 ₫,107,107.0,37.990.000 ₫,,,107.0,Giảm 1.200.000 ₫
"Laptop MSI Gaming Thin 15 B13UCX-2080VN i5 13420H/16GB/512GB/15.6"" FHD/RTX 2050 4GB/Win 11_Balo",https://fptshop.com.vn/may-tinh-xach-tay/msi-gaming-thin-15-b13ucx-2080vn-i5-13420h,17.490.000 ₫,108,108.0,19.990.000 ₫,108.0,-8%,108.0,Giảm 1.500.000 ₫
"Laptop Dell Vostro 15 V3530 i5 1335U/16GB/512GB/15.6""FHD/Win11/Office HS21",https://fptshop.com.vn/may-tinh-xach-tay/dell-vostro-15-3530-i5-1335u,18.290.000 ₫,109,109.0,22.990.000 ₫,109.0,-19%,109.0,Giảm 4.400.000 ₫
Máy tính xách tay Acer Gaming Aspire 5 A515-58GM-51LB i5 13420H/16GB/512GB/RTX2050 4GB/Win11_Xám,https://fptshop.com.vn/may-tinh-xach-tay/acer-aspire-5-a515-58gm-51lb-i5-13420h,16.990.000 ₫,110,110.0,17.290.000 ₫,110.0,-5%,110.0,Giảm 800.000 ₫
"Laptop Gigabyte Gaming G5 KF5-53VN353SH i5-13500H/AI/16GB/512GB/15.6""FHD/RTX4060 8GB/Win11",https://fptshop.com.vn/may-tinh-xach-tay/gigabyte-gaming-g5-kf5-53vn353sh-i5-13500h,24.690.000 ₫,111,111.0,20.990.000 ₫,111.0,-12%,111.0,Giảm 2.500.000 ₫
Macbook Air M2 13 inch 2022 8CPU 10GPU/16GB/256GB,https://fptshop.com.vn/may-tinh-xach-tay/macbook-air-m2-13-inch-2022-8cpu-10gpu-16gb-256gb,29.190.000 ₫,112,112.0,22.990.000 ₫,112.0,-19%,112.0,Giảm 4.300.000 ₫
"Laptop HP 245 G10 R7- 7730U/16GB/512GB/14"" FHD/Win11_8F157PA",https://fptshop.com.vn/may-tinh-xach-tay/laptop-hp-245-g10-r7-7730u,17.490.000 ₫,113,113.0,25.490.000 ₫,,,113.0,Giảm 800.000 ₫
"Laptop MSI Gaming Thin A15 B7UC-261VN R5 7535HS/16GB/512GB/15.6"" FHD/RTX3050_4GB/Win11_Balo",https://fptshop.com.vn/may-tinh-xach-tay/msi-gaming-thin-a15-b7uc-261vn-r5-7535hs,17.990.000 ₫,114,114.0,25.490.000 ₫,,,114.0,Giảm 800.000 ₫
"Laptop Masstel E140 Celeron N4120/4GB/128GB/14""HD/Win10",https://fptshop.com.vn/may-tinh-xach-tay/masstel-e140-celeron-n4120,3.590.000 ₫,115,115.0,39.990.000 ₫,115.0,-5%,115.0,Giảm 1.800.000 ₫
"Laptop Acer Gaming Aspire 5 A515-58GM-53PZ i5 13420H/8GB/512GB/15.6""FHD/RTX2050 4GB/Win11",https://fptshop.com.vn/may-tinh-xach-tay/acer-gaming-aspire-5-a515-58gm-53pz-i5-13420h,15.490.000 ₫,116,116.0,24.490.000 ₫,116.0,-6%,116.0,Giảm 1.500.000 ₫
"Laptop Dell Vostro V3520 i5 1235U/16GB/512GB/15.6""FHD/Win11/Office HS21",https://fptshop.com.vn/may-tinh-xach-tay/dell-vostro-v3520-i5-1235u,16.390.000 ₫,117,117.0,23.690.000 ₫,117.0,-7%,117.0,Giảm 1.700.000 ₫
"Laptop MSI Gaming Katana 15 B13VFK-676VN i7 13620H/AI/16GB/1TB/Geforce RTX 4060 8GB/15.6""FHD/Win11_Balo",https://fptshop.com.vn/may-tinh-xach-tay/msi-gaming-katana-15-b13vfk-676vn-i7-13620h,27.990.000 ₫,118,118.0,25.990.000 ₫,118.0,-10%,118.0,Giảm 2.500.000 ₫
"Laptop HP 245 G10 R5-7520U/8GB/256GB/14""FHD/Win11 (9H8X8PT)",https://fptshop.com.vn/may-tinh-xach-tay/hp-245-g10-r5-7520u-9h8x8pt,10.990.000 ₫,119,119.0,28.490.000 ₫,,,119.0,Giảm 500.000 ₫
"Laptop MSI Gaming Thin 15 B13UCX-2080VN i5 13420H/16GB/512GB/15.6"" FHD/RTX 2050 4GB/Win 11_Balo",https://fptshop.com.vn/may-tinh-xach-tay/msi-gaming-thin-15-b13ucx-2080vn-i5-13420h,17.490.000 ₫,120,120.0,25.690.000 ₫,120.0,-5%,120.0,Giảm 1.200.000 ₫
"Laptop Dell Vostro 15 V3530 i5 1335U/16GB/512GB/15.6""FHD/Win11/Office HS21",https://fptshop.com.vn/may-tinh-xach-tay/dell-vostro-15-3530-i5-1335u,18.290.000 ₫,121,121.0,10.990.000 ₫,121.0,-14%,121.0,Giảm 1.500.000 ₫
Máy tính xách tay Acer Gaming Aspire 5 A515-58GM-51LB i5 13420H/16GB/512GB/RTX2050 4GB/Win11_Xám,https://fptshop.com.vn/may-tinh-xach-tay/acer-aspire-5-a515-58gm-51lb-i5-13420h,16.990.000 ₫,122,122.0,14.390.000 ₫,122.0,-19%,122.0,Giảm 2.800.000 ₫
"Laptop Gigabyte Gaming G5 KF5-53VN353SH i5-13500H/AI/16GB/512GB/15.6""FHD/RTX4060 8GB/Win11",https://fptshop.com.vn/may-tinh-xach-tay/gigabyte-gaming-g5-kf5-53vn353sh-i5-13500h,24.690.000 ₫,123,123.0,29.990.000 ₫,123.0,-10%,123.0,Giảm 3.100.000 ₫
"Laptop MSI Gaming Thin 15 B12UC-1416VN i5 12450H/16GB/512GB/15.6""FHD/RTX3050 4GB/Win11_Balo",https://fptshop.com.vn/may-tinh-xach-tay/msi-gaming-thin-15-b12uc-1416vn-i5-12450h,17.490.000 ₫,124,124.0,13.990.000 ₫,124.0,-11%,124.0,Giảm 1.500.000 ₫
"Laptop Dell Vostro 14 3420 (V4I5703W1) i5-1235U/16GB/512GB/14"" FHD/Win11/Office HS21",https://fptshop.com.vn/may-tinh-xach-tay/dell-vostro-14-3420-v4i5703w1-i5-1235u,16.390.000 ₫,125,125.0,29.990.000 ₫,125.0,-19%,125.0,Giảm 5.800.000 ₫
"Laptop Dell Inspiron N3520 i5 1235U/8GB/512GB/15.6""FHD/Win11/Office HS21",https://fptshop.com.vn/may-tinh-xach-tay/dell-inspiron-n3520-i5-1235u-25p2311,15.490.000 ₫,126,126.0,19.990.000 ₫,126.0,-5%,126.0,Giảm 1.000.000 ₫
Macbook Air M3 13 2024 8CPU 10GPU/16GB/512GB,https://fptshop.com.vn/may-tinh-xach-tay/macbook-air-m3-13-2024-8cpu-10gpu-16gb-512gb,36.790.000 ₫,127,127.0,24.490.000 ₫,,,127.0,Giảm 1.000.000 ₫
"Laptop Gigabyte Gaming G5 MF5-52VN353SH i5 13500H/16GB/512GB/15.6""FHD/RTX4050_6GB/Win11",https://fptshop.com.vn/may-tinh-xach-tay/gigabyte-gaming-g5-mf5-52vn353sh-i5-13500h,21.390.000 ₫,128,128.0,32.990.000 ₫,128.0,-7%,128.0,Giảm 2.400.000 ₫
"Laptop Huawei MateBook D15 R7 5700U/8GB/512GB/15.6""FHD/Win11",https://fptshop.com.vn/may-tinh-xach-tay/huawei-bom-wfp9i-matebook-d15-r7-5700u,10.990.000 ₫,129,129.0,11.990.000 ₫,129.0,-8%,129.0,Giảm 1.000.000 ₫
"Laptop Asus TUF Gaming FA507NVR-LP091W R7-7435HS/AI/16GB/512GB/15.6"" 144Hz/GeForce RTX4060 8GB/Win11",https://fptshop.com.vn/may-tinh-xach-tay/asus-tuf-gaming-fa507nvr-lp091w-r7-7435hs,27.990.000 ₫,130,130.0,32.490.000 ₫,130.0,-14%,130.0,Giảm 4.500.000 ₫
"Laptop Lenovo Gaming LOQ 15IAX9 i5 12450HX/AI/12GB/512GB/15.6""FHD/RTX4050_6GB/W11_83GS001QVN",https://fptshop.com.vn/may-tinh-xach-tay/lenovo-gaming-loq-15iax9-i5-12450hx-83gs001qvn,25.990.000 ₫,131,131.0,26.990.000 ₫,,,131.0,Giảm 1.000.000 ₫
"Laptop Asus Vivobook S14 S5406MA-PP161W Ultra 5 125H/AI/16GB/1TB/14"" OLED 3K/Intel Arc Graphics/Win11",https://fptshop.com.vn/may-tinh-xach-tay/asus-vivobook-s14-s5406ma-pp161w-ultra-5-125h,24.290.000 ₫,132,132.0,26.990.000 ₫,132.0,-10%,132.0,Giảm 2.700.000 ₫
"Laptop Lenovo ThinkPad E14 Gen 5 i7-1355U/16GB/512GB/14.0""WUXGA/Win 11",https://fptshop.com.vn/may-tinh-xach-tay/lenovo-thinkpad-e14-gen-5-i7-1355u,22.990.000 ₫,133,133.0,25.490.000 ₫,133.0,-10%,133.0,Giảm 2.500.000 ₫
"Laptop Gigabyte Gaming G5 MF5-H2PH353KH i7 13620H/16GB/512GB/15.6"" FHD/RTX4050 6GB/Win 11",https://fptshop.com.vn/may-tinh-xach-tay/gigabyte-gaming-g5-mf5-h2ph353kh-i7-13620h,24.690.000 ₫,134,134.0,25.490.000 ₫,,,134.0,Giảm 800.000 ₫
"Laptop Gigabyte Gaming G5 MF5-H2VN353KH i7 13620H/16GB/512GB/15.6"" FHD/RTX4050 6GB/Win 11",https://fptshop.com.vn/may-tinh-xach-tay/gigabyte-gaming-g5-mf5-h2vn353kh-i7-13620h,24.690.000 ₫,135,135.0,25.490.000 ₫,,,135.0,Giảm 800.000 ₫
Laptop Asus TUF Gaming F15 FX507VU-LP197W i7 13620H/32GB/512GB/15.6' 144Hz/Nvidia RTX 4050 6GB/Win11,https://fptshop.com.vn/may-tinh-xach-tay/asus-tuf-gaming-f15-fx507vu-lp197w-i7-13620h,32.490.000 ₫,136,136.0,33.990.000 ₫,,,136.0,Giảm 1.500.000 ₫
"Laptop Asus Vivobook S 14 OLED S5406MA-PP124W Ultra 5-125H/AI/16GB/512GB/14"" 3K/Win11",https://fptshop.com.vn/may-tinh-xach-tay/asus-vivobook-s5406ma-pp124w-ultra-5-125h,23.490.000 ₫,137,137.0,25.990.000 ₫,137.0,-10%,137.0,Giảm 2.500.000 ₫
"Laptop Lenovo Ideapad Slim 5 15IRU9 CORE 5_120U/32GB/512G/15.3""WUXGA/Win11",https://fptshop.com.vn/may-tinh-xach-tay/lenovo-ideapad-slim-5-15iru9-core-5-120u,19.990.000 ₫,138,138.0,22.690.000 ₫,138.0,-12%,138.0,Giảm 2.700.000 ₫
MacBook Air 13 inch M1 2020 8CPU 7GPU 16GB/256GB,https://fptshop.com.vn/may-tinh-xach-tay/macbook-air-13-2020-m1-16gb-256gb,24.190.000 ₫,139,139.0,29.990.000 ₫,139.0,-19%,139.0,Giảm 5.800.000 ₫
Laptop Acer Swift Lite 14 AI SFL14-51M-56HS Ultra5 125U/16GB/512GB/Win11,https://fptshop.com.vn/may-tinh-xach-tay/acer-swift-lite-14-ai-sfl14-51m-56hs-u5-125u,18.990.000 ₫,140,140.0,19.990.000 ₫,140.0,-5%,140.0,Giảm 1.000.000 ₫
"Laptop Acer Aspire Lite AL15-51M-55NB i5-1155G7/8GB/512GB/15.6""FHD/Win11",https://fptshop.com.vn/may-tinh-xach-tay/acer-aspire-lite-al15-51m-55nb-i5-1155g7,11.490.000 ₫,141,141.0,12.990.000 ₫,141.0,-12%,141.0,Giảm 1.500.000 ₫
"Laptop Asus TUF Gaming FX507VU-LP315W i7-13620H/16GB/512GB/15.6"" 144Hz/GeForce RTX4050 6GB/Win11",https://fptshop.com.vn/may-tinh-xach-tay/asus-tuf-gaming-a15-fx507vu-lp315w-i7-13620h,30.490.000 ₫,142,142.0,34.490.000 ₫,142.0,-12%,142.0,Giảm 4.000.000 ₫
"Laptop Lenovo ThinkBook 16 G6 ABP R5-7530U/16GB/512GB/16"" WUXGA/Win 11",https://fptshop.com.vn/may-tinh-xach-tay/lenovo-thinkbook-16-g6-abp-r5-7530u,17.990.000 ₫,143,143.0,18.990.000 ₫,143.0,-5%,143.0,Giảm 1.000.000 ₫
"Laptop MSI Modern 15 B12MO-628VN i5 1235U/16GB/512GB/15.6""FHD/Win11",https://fptshop.com.vn/may-tinh-xach-tay/msi-modern-15-b12mo-628vn-i5-1235u,12.490.000 ₫,144,144.0,14.990.000 ₫,144.0,-17%,144.0,Giảm 2.500.000 ₫
"Laptop MSI Gaming Katana A15 AI B8VE-402VN R7 8845HS/16GB/512GB/15.6""FHD/RTX4050 6GB/Win 11_Balo",https://fptshop.com.vn/may-tinh-xach-tay/msi-gaming-katana-a15-ai-b8ve-402vn-r7-8845hs,26.990.000 ₫,145,145.0,11.990.000 ₫,145.0,-17%,145.0,Giảm 2.000.000 ₫
"Laptop Gigabyte Gaming G6 KF-H3VN853SH i7 13620H/AI/16GB/512GB/16.0""FHD+/RTX4060_8GB/Win11",https://fptshop.com.vn/may-tinh-xach-tay/gigabyte-gaming-g6-kf-h3vn853sh-i7-13620h,27.690.000 ₫,146,146.0,46.990.000 ₫,146.0,-9%,146.0,Giảm 4.100.000 ₫
"Laptop Lenovo Gaming Legion Slim 5 16AHP9 R7-8845HS/AI/16GB/512GB/16""WQXGA/RTX4060_8GB/Win11",https://fptshop.com.vn/may-tinh-xach-tay/lenovo-gaming-legion-slim-5-16ahp9-r7-8845hs-83dh003avn,40.690.000 ₫,147,147.0,34.790.000 ₫,147.0,-6%,147.0,Giảm 2.000.000 ₫
"Laptop Acer Aspire Lite AL15-51M-55NB i5-1155G7/8GB/512GB/15.6""FHD/Win11",https://fptshop.com.vn/may-tinh-xach-tay/acer-aspire-lite-al15-51m-55nb-i5-1155g7,11.490.000 ₫,148,148.0,33.890.000 ₫,148.0,-6%,148.0,Giảm 2.000.000 ₫
"Laptop Asus TUF Gaming FX507VU-LP315W i7-13620H/16GB/512GB/15.6"" 144Hz/GeForce RTX4050 6GB/Win11",https://fptshop.com.vn/may-tinh-xach-tay/asus-tuf-gaming-a15-fx507vu-lp315w-i7-13620h,30.490.000 ₫,149,149.0,27.990.000 ₫,149.0,-9%,149.0,Giảm 2.500.000 ₫
"Laptop Lenovo ThinkBook 16 G6 ABP R5-7530U/16GB/512GB/16"" WUXGA/Win 11",https://fptshop.com.vn/may-tinh-xach-tay/lenovo-thinkbook-16-g6-abp-r5-7530u,17.990.000 ₫,150,150.0,13.290.000 ₫,150.0,-20%,150.0,Giảm 2.700.000 ₫
"Laptop Huawei MateBook D14 BE i3 1215U/8GB/256GB/14""FHD+/Win11",https://fptshop.com.vn/may-tinh-xach-tay/huawei-ytfz-x-matebook-d14-be-i3-1215u,9.490.000 ₫,151,151.0,15.990.000 ₫,151.0,-16%,151.0,Giảm 2.500.000 ₫
"Laptop Gigabyte Gaming G5 KF-E3VN313SH i5 12500H/AI/16GB/512GB/15.6""FHD/RTX4060 8GB/Win11",https://fptshop.com.vn/may-tinh-xach-tay/gigabyte-gaming-g5-kf-e3vn313sh-i5-12500h,23.690.000 ₫,152,152.0,23.490.000 ₫,152.0,-11%,152.0,Giảm 2.500.000 ₫
"Laptop Lenovo Gaming Legion 5 16IRX9 i7 14650HX/AI/32GB/1TB/16""WQXGA/RTX4060 8GB/Win 11",https://fptshop.com.vn/may-tinh-xach-tay/lenovo-gaming-legion-5-16irx9-i7-14650hx-32gb,42.890.000 ₫,153,153.0,34.490.000 ₫,,,153.0,Giảm 700.000 ₫
Laptop HP Envy X360 14-fc0087TU Ultra 7-155U/AI/16GB/1TB/14'' 2.8K Touch/Pen/Win11,https://fptshop.com.vn/may-tinh-xach-tay/hp-envy-x360-14-fc0087tu-core-ultra-7-155u,32.790.000 ₫,154,154.0,22.390.000 ₫,,,154.0,Giảm 900.000 ₫
Laptop HP Envy x360 14-fc0158TU Core Ultra 7-155U/AI/16GB/512GB/14'' Touch 2.8K OLED/Pen/Win11/Office HS21,https://fptshop.com.vn/may-tinh-xach-tay/hp-envy-x360-14-fc0158tu-core-ultra-7-155u,31.890.000 ₫,155,155.0,17.990.000 ₫,155.0,-28%,155.0,Giảm 5.000.000 ₫
Laptop Asus TUF Gaming FA507NU-LP045W R7 7735HS/16GB/512GB/15.6'/Nvidia RTX4050 6GB/Win11,https://fptshop.com.vn/may-tinh-xach-tay/asus-tuf-gaming-fa507nu-lp045w-r7-7735hs,25.490.000 ₫,156,156.0,30.990.000 ₫,156.0,-8%,156.0,Giảm 2.500.000 ₫
"Laptop HP 245 G10 R5 7520U/8GB/256GB/14""FHD/Win11 (8F154PA)",https://fptshop.com.vn/may-tinh-xach-tay/hp-245-g10-r5-7520u,10.590.000 ₫,157,157.0,34.990.000 ₫,157.0,-11%,157.0,Giảm 3.700.000 ₫
Laptop VAIO FE14 i5 1235U/8GB/512GB/14' FHD/Intel UHD/Win11 (VWNC51427-BK),https://fptshop.com.vn/may-tinh-xach-tay/vaio-fe14-i5-1235u-vwnc51427-bk,13.490.000 ₫,158,158.0,36.590.000 ₫,158.0,-6%,158.0,Giảm 2.200.000 ₫
"Laptop Asus TUF Gaming A15 FA506NCR-HN047W R7-7435HS/16GB/512GB/15.6"" 144Hz/Nvidia GeForce RTX3050 4GB/Win 11",https://fptshop.com.vn/may-tinh-xach-tay/asus-tuf-gaming-a15-fa506ncr-hn047w-r7-7435hs,20.990.000 ₫,159,159.0,31.490.000 ₫,159.0,-17%,159.0,Giảm 5.500.000 ₫
"Laptop Lenovo Gaming LOQ 15AHP9 R7 8845HS/AI/16GB/512GB/15.6""FHD/RTX4060 8GB/Win 11",https://fptshop.com.vn/may-tinh-xach-tay/lenovo-gaming-loq-15ahp9-r7-8845hs,33.790.000 ₫,160,160.0,32.990.000 ₫,160.0,-5%,160.0,Giảm 1.700.000 ₫
"Laptop Gigabyte Gaming G5 MF-F2VN313SH i5 12450H/16GB/512GB/15.6""FHD/Geforce RTX4050 6GB/Win11",https://fptshop.com.vn/may-tinh-xach-tay/gigabyte-gaming-g5-mf-f2vn313sh-i5-12450h,20.690.000 ₫,161,161.0,34.490.000 ₫,,,161.0,Giảm 700.000 ₫
Laptop Asus Zenbook 14 OLED UX3405MA-PP588W Ultra 5 125H/AI/16GB/512GB/14' 2.8K/Intel Arc/Win11,https://fptshop.com.vn/may-tinh-xach-tay/asus-zenbook-14-oled-ux3405ma-pp588w-ultra-5-125h,25.990.000 ₫,162,162.0,30.990.000 ₫,162.0,-8%,162.0,Giảm 2.500.000 ₫
"Laptop HP ProBook 440 G10 i5-1340P/16GB/512GB/14""FHD Touch/Intel Graphics/Win11_9H8U7PT",https://fptshop.com.vn/may-tinh-xach-tay/hp-probook-440-g10-i5-1340p-9h8u7pt,22.590.000 ₫,163,163.0,17.990.000 ₫,163.0,-28%,163.0,Giảm 5.000.000 ₫
MacBook Air 13 inch M2 2022 8CPU 10GPU 8GB/512GB,https://fptshop.com.vn/may-tinh-xach-tay/macbook-air-m2-13-2022-8cpu-10gpu-8gb-512gb,29.190.000 ₫,164,164.0,32.990.000 ₫,164.0,-5%,164.0,Giảm 1.700.000 ₫
"Laptop MSI Gaming Cyborg 15 AI A1VE-053VN Ultra 7 155H/AI/16GB/512GB/15.6""FHD/RTX4050 6GB/Win11_Balo",https://fptshop.com.vn/may-tinh-xach-tay/msi-gaming-cyborg-15-ai-a1ve-053vn-ultra-7-155h,28.490.000 ₫,165,165.0,21.490.000 ₫,165.0,-10%,165.0,Giảm 2.200.000 ₫
"Laptop Asus Vivobook A1405VA-KM059W i5 13500H/8GB/512GB/14"" OLED WQXGA+/Win11",https://fptshop.com.vn/may-tinh-xach-tay/asus-vivobook-a1405va-km059w-i5-13500h,15.490.000 ₫,166,166.0,21.990.000 ₫,166.0,-6%,166.0,Giảm 1.300.000 ₫
Macbook Air M3 13 2024 8CPU 10GPU/8GB/512GB,https://fptshop.com.vn/may-tinh-xach-tay/macbook-air-m3-13-2024-8cpu-10gpu-8gb-512gb,31.590.000 ₫,167,167.0,36.590.000 ₫,167.0,-6%,167.0,Giảm 2.200.000 ₫
"Laptop Dell Inspiron 15 N3520 i5 1235U/16GB/512GB/15.6""FHD/Win11/Office HS21_N5I5011W1",https://fptshop.com.vn/may-tinh-xach-tay/laptop-dell-inspiron-15-n3520-i5-1235u1-n5i5011w1,16.490.000 ₫,168,168.0,31.490.000 ₫,168.0,-17%,168.0,Giảm 5.500.000 ₫
"Laptop HP ProBook 440 G10 i7-1360P/16GB/512GB/14"" FHD Touch/Intel Graphics/Win11_Bạc_9H8V2PT",https://fptshop.com.vn/may-tinh-xach-tay/hp-probook-440-g10-core-i7-1360p-9h8v2pt,26.190.000 ₫,169,169.0,27.990.000 ₫,169.0,-11%,169.0,Giảm 3.200.000 ₫
Macbook Air M2 13 inch 2022 8CPU 10GPU/16GB/512GB,https://fptshop.com.vn/may-tinh-xach-tay/macbook-air-m2-13-inch-2022-8cpu-10gpu-16gb-512gb,33.590.000 ₫,170,170.0,28.990.000 ₫,170.0,-10%,170.0,Giảm 3.000.000 ₫
"Laptop Asus TUF Gaming FX507VV-LP304W i7-13620H/AI/16GB/1TB/15.6"" 144Hz/GeForce RTX4060 8GB/Win11",https://fptshop.com.vn/may-tinh-xach-tay/asus-tuf-gaming-fx507vv-lp304w-i7-13620h,33.790.000 ₫,171,171.0,30.990.000 ₫,171.0,-8%,171.0,Giảm 2.500.000 ₫
"Laptop MSI Gaming Katana A15 AI B8VE-402VN R7 8845HS/16GB/512GB/15.6""FHD/RTX4050 6GB/Win 11_Balo",https://fptshop.com.vn/may-tinh-xach-tay/msi-gaming-katana-a15-ai-b8ve-402vn-r7-8845hs,26.990.000 ₫,172,172.0,27.390.000 ₫,172.0,-20%,172.0,Giảm 5.400.000 ₫
Laptop HP Pavilion 15-eg3095TU i5 1335U/8GB/512GB/15.6'FHD/Win11,https://fptshop.com.vn/may-tinh-xach-tay/hp-pavilion-15-eg3095tu-i5-1335u,17.990.000 ₫,173,173.0,23.590.000 ₫,,,173.0,Giảm 1.000.000 ₫
"Laptop Asus TUF Gaming FA507NU-LP034W R7 7735HS/8GB/512GB/15.6"" FHD/Nvidia RTX4050 6GB/Win11",https://fptshop.com.vn/may-tinh-xach-tay/asus-tuf-gaming-fa507nu-lp034w-r7-7735hs,22.990.000 ₫,174,174.0,31.990.000 ₫,174.0,-9%,174.0,Giảm 2.800.000 ₫
"Laptop Gigabyte Gaming G6 KF-H3VN853SH i7 13620H/AI/16GB/512GB/16.0""FHD+/RTX4060_8GB/Win11",https://fptshop.com.vn/may-tinh-xach-tay/gigabyte-gaming-g6-kf-h3vn853sh-i7-13620h,27.690.000 ₫,175,175.0,20.490.000 ₫,175.0,-24%,175.0,Giảm 5.000.000 ₫
"Laptop Lenovo Gaming Legion Slim 5 16AHP9 R7-8845HS/AI/16GB/512GB/16""WQXGA/RTX4060_8GB/Win11",https://fptshop.com.vn/may-tinh-xach-tay/lenovo-gaming-legion-slim-5-16ahp9-r7-8845hs-83dh003avn,40.690.000 ₫,176,176.0,27.690.000 ₫,176.0,-5%,176.0,Giảm 1.500.000 ₫
"Laptop Gigabyte Gaming G6 KF-H3VN853SH i7 13620H/AI/16GB/512GB/16.0""FHD+/RTX4060_8GB/Win11",https://fptshop.com.vn/may-tinh-xach-tay/gigabyte-gaming-g6-kf-h3vn853sh-i7-13620h,27.690.000 ₫,177,177.0,23.990.000 ₫,177.0,-13%,177.0,Giảm 3.000.000 ₫
"Laptop Lenovo Gaming Legion Slim 5 16AHP9 R7-8845HS/AI/16GB/512GB/16""WQXGA/RTX4060_8GB/Win11",https://fptshop.com.vn/may-tinh-xach-tay/lenovo-gaming-legion-slim-5-16ahp9-r7-8845hs-83dh003avn,40.690.000 ₫,178,178.0,34.990.000 ₫,178.0,-7%,178.0,Giảm 2.300.000 ₫
"Laptop Asus Vivobook A1505VA-L1201W i9 13900H/16GB/512GB/15.6""OLED/Win11",https://fptshop.com.vn/may-tinh-xach-tay/asus-vivobook-a1505va-l1201w-i9-13900h,20.990.000 ₫,179,179.0,10.990.000 ₫,179.0,-14%,179.0,Giảm 1.500.000 ₫
MacBook Pro 14 2023 M3 Pro 12 CPU/18 GPU/18GB/1TB,https://fptshop.com.vn/may-tinh-xach-tay/macbook-pro-14-2023-m3-pro-12-cpu-18-gpu-18gb-1tb,58.490.000 ₫,180,180.0,24.990.000 ₫,180.0,-5%,180.0,Giảm 1.300.000 ₫
"Laptop Asus TUF Gaming FX506HC-HN144W i5 11400H/8GB/512GB/15.6""FHD/Nvidia RTX3050 4GB/Win11",https://fptshop.com.vn/may-tinh-xach-tay/asus-tuf-gaming-fx506hc-hn144w-i5-11400h,16.990.000 ₫,181,181.0,21.990.000 ₫,181.0,-23%,181.0,Giảm 5.000.000 ₫
MacBook Pro 13 inch M1 2020 8CPU 8GPU 8GB/256GB,https://fptshop.com.vn/may-tinh-xach-tay/macbook-pro-13-2020-touch-bar-m1-256gb,28.990.000 ₫,182,182.0,29.990.000 ₫,,,182.0,Giảm 1.000.000 ₫
"Laptop Dell Latitude L3540 i5 1235U/16GB/512GB/15.6""FHD/Win11",https://fptshop.com.vn/may-tinh-xach-tay/dell-latitude-l3540-i5-1235u-42ltl354001,16.990.000 ₫,183,183.0,64.990.000 ₫,,,183.0,Giảm 500.000 ₫
"Laptop Huawei MateBook D14 BE i3 1215U/8GB/256GB/14""FHD+/Win11",https://fptshop.com.vn/may-tinh-xach-tay/huawei-ytfz-x-matebook-d14-be-i3-1215u,9.490.000 ₫,184,184.0,23.190.000 ₫,184.0,-6%,184.0,Giảm 1.500.000 ₫
"Laptop Lenovo IdeaPad Slim 5 14AHP9 R7 8845HS/AI/16GB/512GB/14"" WUXGA/AMD Radeon 780M/Win 11",https://fptshop.com.vn/may-tinh-xach-tay/lenovo-ideapad-slim-5-14ahp9-r7-8845hs-83db003bvn,21.690.000 ₫,185,185.0,31.490.000 ₫,185.0,-14%,185.0,Giảm 4.500.000 ₫
"Laptop Asus TUF Gaming FA507NV-LP046W R7 7735HS/AI/8GB/512GB//15.6"" FHD/Nvidia RTX4060 8GB/Win11",https://fptshop.com.vn/may-tinh-xach-tay/asus-tuf-gaming-fa507nv-lp046w-r7-7735hs,26.990.000 ₫,186,186.0,30.990.000 ₫,186.0,-16%,186.0,Giảm 5.000.000 ₫
"Laptop Acer Swift Edge SFA16-41-R3L6 R7 6800U/16GB/1TB/16"" WQUXGA/Win11",https://fptshop.com.vn/may-tinh-xach-tay/acer-swift-edge-sfa16-41-r3l6-r7-6800u,25.990.000 ₫,187,187.0,29.990.000 ₫,187.0,-10%,187.0,Giảm 3.100.000 ₫
MacBook Air 13 inch M1 2020 8CPU 7GPU 16GB/512GB,https://fptshop.com.vn/may-tinh-xach-tay/macbook-air-13-2020-m1-ram-16gb,28.490.000 ₫,188,188.0,18.990.000 ₫,188.0,-11%,188.0,Giảm 2.000.000 ₫
"Laptop Gigabyte Gaming G5 KF-E3VN313SH i5 12500H/AI/16GB/512GB/15.6""FHD/RTX4060 8GB/Win11",https://fptshop.com.vn/may-tinh-xach-tay/gigabyte-gaming-g5-kf-e3vn313sh-i5-12500h,23.690.000 ₫,189,189.0,59.990.000 ₫,,,189.0,Giảm 1.500.000 ₫
"Laptop Lenovo Ideapad 3 15IAU7 i7 1255U/16GB/512GB/15.6""FHD/Win 11",https://fptshop.com.vn/may-tinh-xach-tay/lenovo-ideapad-3-15iau7-i7-1255u,15.990.000 ₫,190,190.0,17.990.000 ₫,190.0,-6%,190.0,Giảm 1.000.000 ₫
"Laptop Asus Vivobook S 14 OLED S5406MA-PP198WS Ultra 7-155H/AI/16GB/512GB/14"" 3K/Win11",https://fptshop.com.vn/may-tinh-xach-tay/asus-vivobook-s-14-oled-s5406ma-pp198ws,26.890.000 ₫,191,191.0,21.490.000 ₫,191.0,-10%,191.0,Giảm 2.200.000 ₫
"Laptop MSI Gaming GF63 Thin 11UC-1228VN i7-11800H/8GB/512GB/15.6""FHD/GeForce RTX3050_4GB/Win11",https://fptshop.com.vn/may-tinh-xach-tay/msi-gaming-gf63-thin-11uc-1228vn-i7-11800h,16.990.000 ₫,192,192.0,34.990.000 ₫,192.0,-19%,192.0,Giảm 6.500.000 ₫
"Laptop Acer Nitro V Gaming ANV15-51-55CA i5 13420H/16GB/512GB/15.6""FHD/Nvidia RTX4050 6GB/Win11",https://fptshop.com.vn/may-tinh-xach-tay/acer-nitro-v-gaming-anv15-51-55ca-i5-13420h,24.790.000 ₫,193,193.0,74.990.000 ₫,,,193.0,Giảm 500.000 ₫
"Laptop Lenovo Ideapad 3 15IAU7 i7 1255U/16GB/512GB/15.6""FHD/Win 11",https://fptshop.com.vn/may-tinh-xach-tay/lenovo-ideapad-3-15iau7-i7-1255u,15.990.000 ₫,194,194.0,44.990.000 ₫,,,194.0,Giảm 500.000 ₫
"Laptop HP Gaming Victus 16-s0078AX R5-7640HS/16GB/512GB/16.1""FHD/Nvidia RTX3050 6GB/Win11",https://fptshop.com.vn/may-tinh-xach-tay/hp-gaming-victus-16-s0078ax-r5-7640hs,21.990.000 ₫,195,195.0,79.990.000 ₫,,,195.0,Giảm 500.000 ₫
Laptop Asus Gaming ROG Strix G16 G614JVR-N4162W i9-14900HX/32GB/1TB/16''/Nvidia GeForce RTX4060 8GB/Win11,https://fptshop.com.vn/may-tinh-xach-tay/asus-gaming-rog-strix-g16-g614jvr-n4162w-i9-14900hx,48.990.000 ₫,196,196.0,19.990.000 ₫,,,196.0,Giảm 800.000 ₫
Laptop HP Spectre X360 14-eu0050TU Ultra 7-155H/AI/32GB/1TB/14'' Touch 2.8K OLED/Intel Arc Graphics/Win11,https://fptshop.com.vn/may-tinh-xach-tay/hp-spectre-x360-14-eu0050tu-ultra-7-155h,51.990.000 ₫,197,197.0,36.590.000 ₫,197.0,-6%,197.0,Giảm 2.200.000 ₫
Macbook Air M3 15 2024 8CPU 10GPU/8GB/512GB,https://fptshop.com.vn/may-tinh-xach-tay/macbook-air-m3-15-2024-8cpu-10gpu-8gb-512gb,36.390.000 ₫,198,198.0,31.490.000 ₫,198.0,-17%,198.0,Giảm 5.500.000 ₫
Macbook Air M3 15 2024 8CPU 10GPU/16GB/512GB,https://fptshop.com.vn/may-tinh-xach-tay/macbook-air-m3-15-2024-8cpu-10gpu-16hb-512gb,41.990.000 ₫,199,199.0,31.990.000 ₫,,,199.0,Giảm 1.200.000 ₫
"Laptop MSI Gaming Raider GE68HX 13VF-050VN i7 13700HX/AI/16GB/2TB/16""QHD/Nvidia RTX 4060 8GB/Win11_Balo",https://fptshop.com.vn/may-tinh-xach-tay/msi-gaming-raider-ge68hx-13vf-050vn-i7-13700hx,50.990.000 ₫,200,200.0,21.490.000 ₫,200.0,-7%,200.0,Giảm 1.400.000 ₫
"Laptop MSI Gaming Vector GP78HX 13VI-476VN i9-13980HX/AI/32GB/2TB/17""QHD+/RTX4090_16GB/Win11_Balo",https://fptshop.com.vn/may-tinh-xach-tay/msi-gaming-vector-gp78hx-13vi-476vn-i9-13980hx,79.990.000 ₫,201,201.0,23.590.000 ₫,,,201.0,Giảm 1.000.000 ₫
Laptop Asus TUF Gaming FX507VV-LP181W i7 13620H/AI/32GB/512GB/15.6'/Nvidia RTX4060 8GB/Win11,https://fptshop.com.vn/may-tinh-xach-tay/asus-tuf-gaming-fx507vv-lp181w-i7-13620h,32.990.000 ₫,202,202.0,20.490.000 ₫,202.0,-17%,202.0,Giảm 3.500.000 ₫
"Laptop Lenovo Yoga Slim 7 14IMH9 Ultra 7 155H/AI/32GB/512GB/14"" WUXGA/Win11",https://fptshop.com.vn/may-tinh-xach-tay/lenovo-yoga-slim-7-14imh9-ultra-7-155h,29.990.000 ₫,203,203.0,32.990.000 ₫,,,203.0,Giảm 1.400.000 ₫
"Laptop Lenovo ThinkPad X1 Carbon Gen 12 Ultra 7155H/AI/32GB/1TB/14""WUXGA/Win 11Pro",https://fptshop.com.vn/may-tinh-xach-tay/lenovo-thinkpad-x1-carbon-gen-12-ultra-7-155h-32gb,53.990.000 ₫,204,204.0,44.990.000 ₫,204.0,-11%,204.0,Giảm 5.000.000 ₫
Macbook Pro M3 14 2024 8CPU 10GPU/16GB/1TB,https://fptshop.com.vn/may-tinh-xach-tay/macbook-pro-m3-14-2024-8cpu-10gpu-16gb-1tb,49.990.000 ₫,205,205.0,17.290.000 ₫,205.0,-5%,205.0,Giảm 800.000 ₫
"Laptop HP 15s-fq5230TU i3 1215U/8GB/256GB/15.6""FHD/Win11",https://fptshop.com.vn/may-tinh-xach-tay/hp-15s-fq5230tu-i3-1215u,10.490.000 ₫,206,206.0,33.990.000 ₫,,,206.0,Giảm 1.500.000 ₫
"Laptop Lenovo ThinkPad X1 Carbon Gen 12 U7-155H/AI/16GB/512GB/14""WUXGA/Win11PRO",https://fptshop.com.vn/may-tinh-xach-tay/lenovo-thinkpad-x1-carbon-gen-12-u7-155h-21kc008mvn,50.990.000 ₫,207,207.0,17.990.000 ₫,207.0,-14%,207.0,Giảm 2.500.000 ₫
"Laptop Acer Gaming Predator Helios Neo 14 PHN14-51-99Y8 Intel Core Ultra 9 185H/AI/32GB/1TB/14.5"" WQXGA+/Nvidia RTX4060 8GB/Win11",https://fptshop.com.vn/may-tinh-xach-tay/acer-predator-helios-neo-14-phn14-51-99y8-u9-185h,49.990.000 ₫,208,208.0,22.090.000 ₫,208.0,-14%,208.0,Giảm 3.100.000 ₫
"Laptop HP ENVY x360 14-fa0045AU (A19BMPA) R7-8840HS/AI/32GB/1TB/14"" 2.8K Touch/Pen/Win11",https://fptshop.com.vn/may-tinh-xach-tay/hp-envy-x360-14-fa0045au-a19bmpa,32.590.000 ₫,209,209.0,26.990.000 ₫,209.0,-15%,209.0,Giảm 4.000.000 ₫
"Laptop Lenovo Yoga 9 2in1 14IMH9 Ultra 7 155H/AI/16GB/1TB/14""2.8K_Touch/Bút/Win11_Xanh",https://fptshop.com.vn/may-tinh-xach-tay/lenovo-yoga-9-2in1-14imh9-ultra-7-155h,45.990.000 ₫,210,210.0,22.490.000 ₫,210.0,-13%,210.0,Giảm 3.000.000 ₫
Laptop Asus Gaming ROG Zephyrus GU603VU-N3898W i7 13620H/16G/512GB/16'/Nvidia RTX4050 6GB/Win11,https://fptshop.com.vn/may-tinh-xach-tay/asus-gaming-rog-zephyrus-gu603vu-n3898w-i7-13620h,34.990.000 ₫,211,211.0,28.490.000 ₫,211.0,-9%,211.0,Giảm 2.500.000 ₫
"Laptop Lenovo ThinkBook 16 G6 IRL i5-13500H/16GB/512GB/16.0""WUXGA/Win11",https://fptshop.com.vn/may-tinh-xach-tay/lenovo-thinkbook-16-g6-irl-i5-13500h,19.190.000 ₫,212,212.0,22.890.000 ₫,212.0,-22%,212.0,Giảm 5.000.000 ₫
Laptop Asus Zenbook 14 OLED UX3405MA-PP475W Intel Core Ultra U9-185H/AI/32GB/1TB/14'' 3K/Intel Arc Graphics/Win11,https://fptshop.com.vn/may-tinh-xach-tay/asus-zenbook-14-oled-ux3405ma-pp475w-intel-core-ultra-u9-185h,33.290.000 ₫,213,213.0,34.990.000 ₫,213.0,-7%,213.0,Giảm 2.300.000 ₫
Laptop Asus Vivobook M3504YA-L1268W R5 7530U/16GB/512GB/15.6'OLED/Win11,https://fptshop.com.vn/may-tinh-xach-tay/asus-vivobook-m3504ya-l128w-r5-7530u,13.990.000 ₫,214,,,,,,
MacBook Pro 16 2023 M3 Max 14 CPU/30 GPU/36GB/1TB,https://fptshop.com.vn/may-tinh-xach-tay/macbook-pro-16-2023-m3-max-14-cpu-30-gpu-36gb-1tb,89.490.000 ₫,215,215.0,64.990.000 ₫,,,215.0,Giảm 500.000 ₫
MacBook Pro 16 2023 M3 Pro 12 CPU/18 GPU/36GB/512GB,https://fptshop.com.vn/may-tinh-xach-tay/macbook-pro-16-2023-m3-pro-12-cpu-18-gpu-36gb-512gb,74.490.000 ₫,216,216.0,16.990.000 ₫,216.0,-15%,216.0,Giảm 2.500.000 ₫
MacBook Pro 14 2023 M3 8 CPU/10 GPU/8GB/1TB,https://fptshop.com.vn/may-tinh-xach-tay/macbook-pro-14-2023-m3-8-cpu-10-gpu-8gb-1tb,44.490.000 ₫,217,217.0,42.990.000 ₫,,,217.0,Giảm 1.000.000 ₫
MacBook Pro 14 2023 M3 Max 14 CPU/30 GPU/36GB/1TB,https://fptshop.com.vn/may-tinh-xach-tay/macbook-pro-14-2023-m3-max-14-cpu-30-gpu-36gb-1tb,79.490.000 ₫,218,218.0,59.990.000 ₫,,,218.0,Giảm 1.500.000 ₫
"Laptop Lenovo Yoga Slim 7 14IMH9 ULTRA 7 155H/AI/32GB/1TB/14"" WUXGA/Win 11",https://fptshop.com.vn/may-tinh-xach-tay/lenovo-yoga-slim-7-14imh9-ultra-7-155h-32gb,30.790.000 ₫,219,219.0,17.990.000 ₫,219.0,-6%,219.0,Giảm 1.000.000 ₫
"Laptop Lenovo Gaming LOQ - 15IAX9 i5 12450HX/AI/16GB/512GB/15.6""FHD/RTX 2050 4GB/Win11",https://fptshop.com.vn/may-tinh-xach-tay/lenovo-gaming-loq-15iax-9-i5-12450hx,20.090.000 ₫,220,220.0,34.990.000 ₫,220.0,-6%,220.0,Giảm 2.000.000 ₫
"Laptop Lenovo Gaming Legion 9 16IRX8 i9 13980HX/AI/64GB/2TB/16""3.2K Mini LED/RTX4090 16GB/Win11",https://fptshop.com.vn/may-tinh-xach-tay/lenovo-gaming-legion-9-16irx8-i9-13980hx,128.990.000 ₫,221,221.0,34.990.000 ₫,221.0,-19%,221.0,Giảm 6.500.000 ₫
"Laptop MSI Gaming Raider GE68 HX 14VIG-496VN i9-14900HX/AI/32GB/2TB/16""QHD+/RTX4090_16GB/Win11",https://fptshop.com.vn/may-tinh-xach-tay/msi-gaming-raider-ge68-hx-14vig-496vn-i9-14900hx,79.990.000 ₫,222,222.0,16.990.000 ₫,222.0,-6%,222.0,Giảm 1.000.000 ₫
"Laptop Dell Latitude 3440 i5-1235U/16GB/512GB/14""FHD/Win11",https://fptshop.com.vn/may-tinh-xach-tay/dell-latitude-l3440-i5-1235u,16.990.000 ₫,223,223.0,66.990.000 ₫,223.0,-6%,223.0,Giảm 4.000.000 ₫
"Laptop MSI Gaming GP68HX 12VH-070VN i9-12900HX/AI/16GB/1TB/16"" FHD+/RTX4080_12GB/Win11_Balo",https://fptshop.com.vn/may-tinh-xach-tay/msi-gaming-gp68hx-12vh-070vn-i9-12900hx,46.990.000 ₫,224,224.0,31.990.000 ₫,224.0,-6%,224.0,Giảm 2.000.000 ₫
Laptop Asus Gaming ROG Strix G16 G614JV-N4156W i7-13650HX/AI/16GB/512GB/16' 2.5K/Nvidia GeForce RTX4060 8GB/Win11,https://fptshop.com.vn/may-tinh-xach-tay/asus-gaming-rog-strix-g16-g614jv-n4156w-i7-13650hx,39.990.000 ₫,225,225.0,44.990.000 ₫,225.0,-11%,225.0,Giảm 5.000.000 ₫
"Laptop MSI Gaming Katana 15 B13VGK-1211VN i7 13620H/AI/16GB/1TB/15.6""FHD/RTX 4070 8GB/Win11/Balo",https://fptshop.com.vn/may-tinh-xach-tay/msi-gaming-katana-15-b13vgk-1211vn-i7-13620h,38.990.000 ₫,226,226.0,41.990.000 ₫,226.0,-7%,226.0,Giảm 3.000.000 ₫
"Laptop Asus Gaming ROG Strix G614JU-N3777W i7 13650HX/16GB/512GB/16""FHD+/Nvidia RTX4050 6GB/Win11",https://fptshop.com.vn/may-tinh-xach-tay/asus-gaming-rog-strix-g614ju-n3777w-i7-13650hx,33.990.000 ₫,227,227.0,43.990.000 ₫,227.0,-23%,227.0,Giảm 10.000.000 ₫
"Laptop Asus Vivobook S 14 OLED M5406WA-PP071WS Ryzen AI 9 HX 370/32GB/1TB/14"" 3K/Win11",https://fptshop.com.vn/may-tinh-xach-tay/asus-vivobook-s-14-oled-m5406wa-pp071ws,32.490.000 ₫,228,228.0,33.990.000 ₫,,,228.0,Giảm 1.500.000 ₫
"Laptop MSI Gaming Cyborg 15 A12UCX-281VN i5-12450H/8GB/512GB/15.6""FHD/RTX 2050 4GB/Win11_Balo",https://fptshop.com.vn/may-tinh-xach-tay/msi-gaming-cyborg-15-a12ucx-281vn-i5-12450h,15.490.000 ₫,229,229.0,17.990.000 ₫,229.0,-14%,229.0,Giảm 2.500.000 ₫
"Laptop Dell Inspiron 15 N3530 i5 1335U/16GB/512GB/15.6""FHD/NVIDIA MX550 2GB/Win11/Office HS21",https://fptshop.com.vn/may-tinh-xach-tay/dell-inspiron-15-n3530-i5-1335u,18.990.000 ₫,230,230.0,22.090.000 ₫,230.0,-14%,230.0,Giảm 3.100.000 ₫
MacBook Pro 16 2023 M3 Max 16 CPU/40 GPU/48GB/1TB,https://fptshop.com.vn/may-tinh-xach-tay/macbook-pro-16-2023-m3-max-16-cpu-40-gpu-48gb-1tb,101.990.000 ₫,231,231.0,102.490.000 ₫,,,231.0,Giảm 500.000 ₫
"Laptop Asus Vivobook Pro 14 OLED K3405ZF-KM184W i5 12500H/16GB/512GB/14"" 2.8K/Nvidia RTX2050 4GB/Win11",https://fptshop.com.vn/may-tinh-xach-tay/asus-vivobook-pro-14-oled-k3405zf-km184w-i5-12500h,19.490.000 ₫,232,232.0,22.490.000 ₫,232.0,-13%,232.0,Giảm 3.000.000 ₫
"Laptop Asus TUF Gaming A16 Advantage Edition FA617NSR-RL100W R7-7435HS/16GB/512GB/16"" 144Hz/AMD Radeon RX7600S 8GB/Win11",https://fptshop.com.vn/may-tinh-xach-tay/asus-tuf-gaming-a16-advantage-edition-fa617nsr-rl100w-r7-7435hs,25.990.000 ₫,233,233.0,28.490.000 ₫,233.0,-9%,233.0,Giảm 2.500.000 ₫
"Laptop HP 15s-fq5144TU i7 1255U/16GB/512GB/15.6""FHD/Win11",https://fptshop.com.vn/may-tinh-xach-tay/hp-15s-fq5144tu-i7-1255u,17.890.000 ₫,234,234.0,22.890.000 ₫,234.0,-22%,234.0,Giảm 5.000.000 ₫
"Laptop HP 240 G8 i3 1005G1/8GB/512GB/14.0""HD/Win 10",https://fptshop.com.vn/may-tinh-xach-tay/hp-240-g8-i3-1005g1-win-10,7.490.000 ₫,235,,,,,,
"Laptop Acer Aspire 5 A515-58P-56RP i5 1335U/16GB/512GB/15.6""FHD/Win11",https://fptshop.com.vn/may-tinh-xach-tay/acer-aspire-5-a515-58p-56rp-i5-1335u,14.490.000 ₫,236,236.0,16.990.000 ₫,236.0,-15%,236.0,Giảm 2.500.000 ₫
"Laptop Asus Vivobook S 15 OLED S5507QA-MA090WS X1E-78-100/AI/32GB/1TB/15.6"" 3K/Win11/Office HS21",https://fptshop.com.vn/may-tinh-xach-tay/asus-vivobook-s-15-oled-s5507qa-ma090ws-x1e-78-100,32.990.000 ₫,237,237.0,34.990.000 ₫,237.0,-6%,237.0,Giảm 2.000.000 ₫
"Laptop Lenovo Gaming Legion 7 - 16IRX9 i9 14900HX/AI/32GB/1TB/16"" 3.2K/RTX4070_8GB/Win 11",https://fptshop.com.vn/may-tinh-xach-tay/lenovo-gaming-legion-7-16irx9-i9-14900hx-83fd004mvn,62.990.000 ₫,238,238.0,66.990.000 ₫,238.0,-6%,238.0,Giảm 4.000.000 ₫
"Laptop Acer Nitro V 16 ProPanel Gaming ANV16-41-R36Y R7 8845HS/AI/16GB/512GB/16""WUXGA/NVIDIA GeForce RTX4050 6GB/Win11",https://fptshop.com.vn/may-tinh-xach-tay/acer-nitro-v-16-propanel-gaming-anv16-41-r36y,29.990.000 ₫,239,239.0,31.990.000 ₫,239.0,-6%,239.0,Giảm 2.000.000 ₫
"Laptop MSI Gaming Sword 16 HX B14VGKG-038VN i7-14700HX/AI/16GB/1TB/16""QHD+/RTX4070_8GB/Win11_Balo",https://fptshop.com.vn/may-tinh-xach-tay/msi-gaming-sword-16-hx-b14vgkg-038vn-i7-14700hx,42.690.000 ₫,240,240.0,45.990.000 ₫,240.0,-7%,240.0,Giảm 3.300.000 ₫
"Laptop Dell Inspiron N5440 Core5 120U/16GB/512GB/14.0""FHD/Win11/Office HS21",https://fptshop.com.vn/may-tinh-xach-tay/dell-inspiron-n5440-core5-120u-n4i5211w1,22.490.000 ₫,241,241.0,78.990.000 ₫,,,241.0,Giảm 1.000.000 ₫
"Laptop MSI Gaming Katana 15 AI B8VG-465VN R7 8845HS/AI/16GB/1TB/15.6""FHD/RTX4070 8GB/Win11_Balo",https://fptshop.com.vn/may-tinh-xach-tay/msi-gaming-katana-15-ai-b8vg-465vn-r7-8845hs,37.990.000 ₫,242,242.0,52.990.000 ₫,242.0,-13%,242.0,Giảm 7.000.000 ₫
Laptop Asus Gaming ROG Strix G16 G614JU-N4132W i7-13650HX/16GB/512GB/16''/Nvidia GeForceRTX4050 6GB/Win11,https://fptshop.com.vn/may-tinh-xach-tay/asus-gaming-rog-strix-g16-g614ju-n4132w-i7-13650hx,36.990.000 ₫,243,243.0,39.990.000 ₫,243.0,-6%,243.0,Giảm 2.500.000 ₫
"Laptop Asus Vivobook A1405VA-KM257W i5 13500H/16GB/512GB/14"" OLED 2.8K/Win11",https://fptshop.com.vn/may-tinh-xach-tay/asus-vivobook-a1405va-km257w-i5-13500h,17.190.000 ₫,244,244.0,138.990.000 ₫,244.0,-7%,244.0,Giảm 10.000.000 ₫
"Laptop MSI Gaming Raider GE68 HX 14VHG-646VN i9 14900HX/AI/32GB/2TB/16""MiniLED/RTX4080 12GB/W11_Balo",https://fptshop.com.vn/may-tinh-xach-tay/msi-gaming-raider-ge68-hx-14vhg-646vn-i9-14900hx,79.990.000 ₫,245,245.0,89.990.000 ₫,245.0,-11%,245.0,Giảm 10.000.000 ₫
Laptop Asus Gaming ROG Zephyrus G16 GU603VU-N4019W i7-13620H/16GB/512GB/16'' QHD/Nvidia Geforce RTX4050 6GB/Win11,https://fptshop.com.vn/may-tinh-xach-tay/asus-gaming-rog-zephyrus-g16-gu603vu-n4019w-i7-13620h,38.990.000 ₫,246,246.0,66.990.000 ₫,246.0,-10%,246.0,Giảm 7.000.000 ₫
"Laptop Dell XPS 14 9440 U7 155H/AI/64GB/1TB/14.5""3.2K Touch/Nvidia RTX4050 6GB/Win11/Office HS22",https://fptshop.com.vn/may-tinh-xach-tay/dell-xps-14-9440-u7-155h,77.990.000 ₫,247,247.0,61.990.000 ₫,247.0,-24%,247.0,Giảm 15.000.000 ₫
"Laptop MSI Gaming Vector GP77 13VG-043VN i7 13700H/AI/16GB/512GB/17.3""QHD/RTX4070 8GB/Win11_Balo",https://fptshop.com.vn/may-tinh-xach-tay/msi-gaming-vector-gp77-13vg-043vn-i7-13700h,45.990.000 ₫,248,248.0,102.490.000 ₫,,,248.0,Giảm 500.000 ₫
"Laptop MSI Gaming Creator M16 B13VE-830VN i7 13700H/16GB/512GB SSD/16""FHD/RTX4050 8GB/Win 11",https://fptshop.com.vn/may-tinh-xach-tay/msi-creator-m16-b13ve-830vn-i7-13700h,37.490.000 ₫,249,249.0,41.990.000 ₫,249.0,-7%,249.0,Giảm 3.000.000 ₫
"Laptop Lenovo Yoga Book 9 13IMU9 ULTRA 7 155U/AI/32GB/1TB/13.3"" 2.8K_Touch/Bút/Win11",https://fptshop.com.vn/may-tinh-xach-tay/lenovo-yoga-book-9-13imu9-ultra-7-155u,59.990.000 ₫,250,250.0,43.990.000 ₫,250.0,-23%,250.0,Giảm 10.000.000 ₫
