data_name,price,links,index_,discount_list,discount_percent,Gift_list,RAM_SSD,Evaluate_list,Evaluate_count_list
Asus Vivobook Go 15 E1504FA R5 7520U (NJ776W),12.590.000₫,https://www.thegioididong.com/laptop/asus-vivobook-go-15-e1504fa-r5-nj776w?utm_flashsale=1,1,14.490.000₫,-13%,1.090.000₫,RAM 16 GB SSD 512 GB,4.0,34 đánh giá
Dell Inspiron 15 3520 i5 1235U (N5I5052W1),16.490.000₫,https://www.thegioididong.com/laptop/dell-inspiron-15-3520-i5-n5i5052w1,2,16.990.000₫,,100.000₫,RAM 16 GB SSD 512 GB,5,1 đánh giá
HP 15 fd0234TU i5 1334U (9Q969PA),16.490.000₫,https://www.thegioididong.com/laptop/hp-15-fd0234tu-i5-9q969pa,3,19.790.000₫,-16%,1.190.000₫,RAM 16 GB SSD 512 GB,4,1 đánh giá
Lenovo Ideapad Slim 3 15IAH8 i5 12450H (83ER000EVN),14.290.000₫,https://www.thegioididong.com/laptop/lenovo-ideapad-slim-3-15iah8-i5-83er00evn,4,15.990.000₫,-10%,1.090.000₫,RAM 16 GB SSD 512 GB,4.3,14 đánh giá
Asus Vivobook 15 X1504ZA i3 1215U (NJ102W),10.490.000₫,https://www.thegioididong.com/laptop/asus-vivobook-15-x1504za-i3-nj102w?utm_flashsale=1,5,12.290.000₫,-14%,1.090.000₫,RAM 8 GB SSD 512 GB,4.1,12 đánh giá
Acer Aspire 3 A315 58 529V i5 1135G7 (NX.ADDSV.00N),9.990.000₫,https://www.thegioididong.com/laptop/acer-aspire-3-a315-58-529v-i5-nxaddsv00n,6,10.990.000₫,-9%,1.090.000₫,RAM 8 GB SSD 256 GB,3,1 đánh giá
MacBook Air 13 inch M1,18.590.000₫,https://www.thegioididong.com/laptop/apple-macbook-air-2020-mgn63saa,7,19.990.000₫,-7%,,RAM 8 GB SSD 256 GB,4.5,212 đánh giá
Lenovo Gaming LOQ 15IAX9 i5 12450HX (83GS000JVN),21.690.000₫,https://www.thegioididong.com/laptop/lenovo-loq-gaming-15iax9-i5-83gs000jvn,8,24.990.000₫,-13%,1.090.000₫,RAM 16 GB SSD 512 GB,4.2,12 đánh giá
HP Pavilion 15 eg2081TU i5 1240P (7C0Q4PA),17.290.000₫,https://www.thegioididong.com/laptop/hp-pavilion-15-eg2081tu-i5-7c0q4pa,9,20.990.000₫,-17%,1.190.000₫,RAM 16 GB SSD 512 GB,3.9,34 đánh giá
Asus Vivobook 15 OLED A1505ZA i5 12500H (MA415W),16.990.000₫,https://www.thegioididong.com/laptop/asus-asus-vivobook-15-oled-a1505za-i5-ma415w,10,19.990.000₫,-15%,1.090.000₫,RAM 16 GB SSD 512 GB,4,4 đánh giá
HP 15 fd0303TU i3 1315U (A2NL4PA),11.590.000₫,https://www.thegioididong.com/laptop/hp-15-fd0303tu-i3-a2nl4pa,11,13.490.000₫,-14%,1.190.000₫,RAM 8 GB SSD 512 GB,,
Acer Aspire 3 A315 44P R9W8 R7 5700U (NX.KSJSV.002),10.990.000₫,https://www.thegioididong.com/laptop/acer-aspire-a315-44p-r9w8-r7-nxksjsv002,12,12.990.000₫,-15%,1.090.000₫,RAM 8 GB SSD 512 GB,4.4,5 đánh giá
Dell Inspiron 15 3520 i5 1235U,16.490.000₫,https://www.thegioididong.com/laptop/dell-inspiron-15-3520-i5-25p231,13,16.990.000₫,,100.000₫,RAM 16 GB SSD 512 GB,3.8,17 đánh giá
Asus Vivobook X1404ZA i5 1235U (NK376W),14.590.000₫,https://www.thegioididong.com/laptop/asus-vivobook-x1404za-i5-nk376w,14,16.490.000₫,-11%,1.090.000₫,RAM 16 GB SSD 512 GB,2.5,4 đánh giá
Lenovo Ideapad Slim 3 15AMN8 R5 7520U (82XQ00J0VN),11.790.000₫,https://www.thegioididong.com/laptop/lenovo-ideapad-slim-3-15amn8-r5-82xq00j0vn,15,14.390.000₫,-18%,1.090.000₫,RAM 16 GB SSD 512 GB,2.5,2 đánh giá
HP 240 G9 i5 1235U (AG2J7AT),15.990.000₫,https://www.thegioididong.com/laptop/hp-240-g9-i5-ag2j7at,16,19.590.000₫,-18%,1.190.000₫,RAM 16 GB SSD 512 GB,,
Acer Aspire Lite 14 51M 36MH i3 1215U (NX.KTVSV.001),9.490.000₫,https://www.thegioididong.com/laptop/acer-aspire-lite-14-51m-36mh-i3-nxktvsv001,17,10.490.000₫,-9%,1.090.000₫,RAM 8 GB SSD 256 GB,5,1 đánh giá
HP 240 G8 i3 1115G4 (6L1A2PA),10.190.000₫,https://www.thegioididong.com/laptop/hp-240-g8-i3-6l1a2pa,18,12.790.000₫,-20%,1.190.000₫,RAM 8 GB SSD 512 GB,4,1 đánh giá
Asus Gaming Vivobook K3605ZF i5 12500H (RP745W),17.490.000₫,https://www.thegioididong.com/laptop/asus-vivobook-k3605zf-i5-rp745w?utm_flashsale=1,19,20.990.000₫,-16%,1.090.000₫,RAM 16 GB SSD 512 GB,4.8,4 đánh giá
Lenovo Gaming LOQ 15IAX9 i5 12450HX (83GS00D9VN),22.690.000₫,https://www.thegioididong.com/laptop/lenovo-loq-15iax9-i5-83gs00d9vn,20,25.490.000₫,-10%,990.000₫,RAM 24 GB SSD 512 GB,,
Acer Aspire Lite 14 51M 36PN i3 1215U (NX.KTWSV.001),9.990.000₫,https://www.thegioididong.com/laptop/acer-aspire-lite-14-51m-36pn-i3-nxktwsv001,21,10.990.000₫,-9%,1.090.000₫,RAM 8 GB SSD 512 GB,5,1 đánh giá
HP 15 fc0085AU R5 7430U (A6VV8PA),13.590.000₫,https://www.thegioididong.com/laptop/hp-15-fc0085au-r5-a6vv8pa,22,15.190.000₫,-10%,1.190.000₫,RAM 16 GB SSD 512 GB,3,2 đánh giá
MacBook Air 13 inch M2,23.990.000₫,https://www.thegioididong.com/laptop/apple-macbook-air-m2-2022,23,24.990.000₫,,,RAM 8 GB SSD 256 GB,4.6,79 đánh giá
MSI Gaming GF63 Thin 12VE i5 12450H (460VN),18.990.000₫,https://www.thegioididong.com/laptop/msi-gf63-thin-12ve-i5-460vn,24,22.990.000₫,-17%,1.090.000₫,RAM 16 GB SSD 512 GB,3.8,4 đánh giá
Asus TUF Gaming A15 FA506NF R5 7535HS (HN012W),16.990.000₫,https://www.thegioididong.com/laptop/asus-tuf-gaming-a15-fa506nf-r5-hn012w,25,20.990.000₫,-19%,1.090.000₫,RAM 16 GB SSD 512 GB,4.8,4 đánh giá
Acer Aspire Lite 14 51M 59BN i5 1235U (NX.KTXSV.001),13.990.000₫,https://www.thegioididong.com/laptop/acer-aspire-lite-14-51m-59bn-i5-nxktxsv001,26,14.990.000₫,-6%,1.090.000₫,RAM 16 GB SSD 512 GB,,
Dell Vostro 3520 i5 1235U (71030559),16.490.000₫,https://www.thegioididong.com/laptop/dell-vostro-3520-i5-71030559,27,16.990.000₫,,100.000₫,RAM 16 GB SSD 512 GB,3,1 đánh giá
HP Gaming VICTUS 15 fa1139TX i5 12450H (8Y6W3PA),18.790.000₫,https://www.thegioididong.com/laptop/hp-victus-15-fa1139tx-i5-8y6w3pa,28,24.590.000₫,-23%,1.190.000₫,RAM 16 GB SSD 512 GB,4,5 đánh giá
Lenovo Ideapad Slim 3 15IRH8 i7 13620H (83EM003FVN),17.390.000₫,https://www.thegioididong.com/laptop/lenovo-ideapad-slim-3-15irh8-i7-83em003fvn,29,19.490.000₫,-10%,1.090.000₫,RAM 16 GB SSD 1 TB,4,1 đánh giá
HP 245 G10 R5 7530U (A20TDPT),12.690.000₫,https://www.thegioididong.com/laptop/hp-245-g10-r5-a20tdpt,30,14.590.000₫,-13%,1.190.000₫,RAM 8 GB SSD 512 GB,4,2 đánh giá
HP Pavilion 15 eg3093TU i5 1335U (8C5L4PA),17.990.000₫,https://www.thegioididong.com/laptop/hp-pavilion-15-eg3093tu-i5-8c5l4pa,31,21.290.000₫,-15%,1.190.000₫,RAM 16 GB SSD 512 GB,,
MSI Modern 15 B12MO i5 1235U (628VN),12.490.000₫,https://www.thegioididong.com/laptop/msi-modern-15-b12mo-i5-628vn,32,14.990.000₫,-16%,1.090.000₫,RAM 16 GB SSD 512 GB,3,3 đánh giá
Lenovo Ideapad 1 15ALC7 R7 5700U (82R400C1VN),12.790.000₫,https://www.thegioididong.com/laptop/lenovo-ideapad-1-15alc7-r7-82r400c1vn,33,14.490.000₫,-11%,1.090.000₫,RAM 16 GB SSD 512 GB,4.8,5 đánh giá
Asus Vivobook X1404ZA i3 1215U (NK246W),10.190.000₫,https://www.thegioididong.com/laptop/asus-vivobook-x1404za-i3-nk246w?utm_flashsale=1,34,11.990.000₫,-15%,1.090.000₫,RAM 8 GB SSD 512 GB,3.5,11 đánh giá
Dell Inspiron 15 3520 i5 1235U (71043883),16.490.000₫,https://www.thegioididong.com/laptop/dell-inspiron-15-3520-i5-71043883,35,16.990.000₫,,100.000₫,RAM 16 GB SSD 512 GB,,
HP Gaming VICTUS 15 fb1022AX R5 7535HS (94F19PA),18.290.000₫,https://www.thegioididong.com/laptop/hp-victus-15-fb1022ax-r5-94f19pa,36,25.490.000₫,-28%,1.190.000₫,RAM 16 GB SSD 512 GB,5,1 đánh giá
Acer Aspire 3 A314 42P R3B3 R7 5700U (NX.KSFSV.001),12.490.000₫,https://www.thegioididong.com/laptop/acer-aspire-3-a314-42p-r3b3-r7-nxksfsv001,37,13.990.000₫,-10%,1.090.000₫,RAM 16 GB SSD 512 GB,4,3 đánh giá
Lenovo Ideapad Slim 5 14IAH8 i5 12450H (83BF003WVN),16.690.000₫,https://www.thegioididong.com/laptop/lenovo-ideapad-5-14iah8-i5-83bf003wvn,38,18.490.000₫,-9%,1.090.000₫,RAM 16 GB SSD 1 TB,4.3,3 đánh giá
HP 240 G9 i3 1215U (AG2J5AT),11.290.000₫,https://www.thegioididong.com/laptop/hp-240-g9-i3-ag2j5at,39,13.690.000₫,-17%,1.190.000₫,RAM 8 GB SSD 512 GB,,
Dell Vostro 3530 i5 1335U (80GG93),18.490.000₫,https://www.thegioididong.com/laptop/dell-vostro-3530-i5-80gg93,40,19.990.000₫,-7%,100.000₫,RAM 16 GB SSD 512 GB,,
Asus TUF Gaming F15 FX507ZC4 i5 12500H (HN330W),20.490.000₫,https://www.thegioididong.com/laptop/asus-gaming-tuf-f15-fx507zc4-i5-hn330w,41,24.990.000₫,-18%,1.090.000₫,RAM 16 GB SSD 512 GB,,
Acer Nitro AN515 58 773Y i7 12700H (NH.QFKSV.001.16G),23.490.000₫,https://www.thegioididong.com/laptop/acer-nitro-an515-58-773y-i7-12700h-nhqfksv00116g,42,33.790.000₫,-30%,1.890.000₫,RAM 16 GB SSD 512 GB,5,1 đánh giá
MSI Gaming GF63 Thin 12UC i7 12650H (887VN),17.990.000₫,https://www.thegioididong.com/laptop/msi-gaming-gf63-thin-12uc-i7-887vn,43,20.990.000₫,-14%,1.090.000₫,RAM 8 GB SSD 512 GB,,
Lenovo Gaming LOQ 15ARP9 R7 7435HS (83JC0040VN),27.090.000₫,https://www.thegioididong.com/laptop/lenovo-loq-15arp9-r7-83jc0040vn,44,29.490.000₫,-8%,1.090.000₫,RAM 24 GB SSD 512 GB,,
HP 15 fd0015TU i7 1355U (A19C5PA),19.890.000₫,https://www.thegioididong.com/laptop/hp-15-fd0015tu-i7-a19c5pa,45,21.990.000₫,-9%,1.190.000₫,RAM 16 GB SSD 512 GB,1.5,2 đánh giá
HP 240 G9 i3 1215U (6L1X7PA),10.190.000₫,https://www.thegioididong.com/laptop/hp-240-g9-i3-6l1x7pa,46,12.990.000₫,-21%,1.190.000₫,RAM 8 GB SSD 256 GB,4.3,21 đánh giá
Asus Vivobook 14 X1404VA i5 1335U (NK050W),15.790.000₫,https://www.thegioididong.com/laptop/asus-vivobook-14-x1404va-i5-nk050w,47,18.490.000₫,-14%,1.090.000₫,RAM 16 GB SSD 512 GB,3.8,5 đánh giá
Dell Inspiron 15 3530 i7 1355U (N5I7301W1),21.490.000₫,https://www.thegioididong.com/laptop/dell-inspiron-15-3530-i7-n5i7301w1,48,22.390.000₫,,100.000₫,RAM 16 GB SSD 512 GB,,
Acer Aspire 3 A315 510P 32EF i3 N305 (NX.KDHSV.001),8.990.000₫,https://www.thegioididong.com/laptop/acer-aspire-3-a315-510p-32ef-i3-nxkdhsv001,49,9.990.000₫,-10%,1.090.000₫,RAM 8 GB SSD 256 GB,4.5,29 đánh giá
MSI Modern 15 B12MO i7 1255U (487VN),14.990.000₫,https://www.thegioididong.com/laptop/msi-modern-15-b12mo-i7-487vn,50,19.490.000₫,-23%,1.090.000₫,RAM 16 GB SSD 512 GB,4.3,3 đánh giá
Acer Aspire Lite 15 51M 5542 i5 1155G7 (NX.KS5SV.001),11.490.000₫,https://www.thegioididong.com/laptop/acer-aspire-lite-15-51m-5542-i5-nxks5sv001,51,13.990.000₫,-17%,1.090.000₫,RAM 16 GB SSD 512 GB,2.5,4 đánh giá
Asus Vivobook 15 X1504VA i5 1335U (NJ025W),13.990.000₫,https://www.thegioididong.com/laptop/asus-vivobook-15-x1504va-i5-nj025w,52,17.990.000₫,-22%,1.090.000₫,RAM 8 GB SSD 512 GB,3.9,19 đánh giá
Lenovo Ideapad Slim 5 15IRU9 Core 5 120U (83D0000EVN),18.490.000₫,https://www.thegioididong.com/laptop/lenovo-ideapad-slim-5-15iru9-core-5-83d0000evn,53,21.690.000₫,-14%,1.090.000₫,RAM 16 GB SSD 512 GB,,
Asus Vivobook 16 X1605VA i5 1335U (MB360W),15.790.000₫,https://www.thegioididong.com/laptop/asus-vivobook-16-x1605va-i5-mb360w?utm_flashsale=1,54,18.990.000₫,-16%,1.090.000₫,RAM 16 GB SSD 512 GB,4.3,18 đánh giá
HP 240 G10 i5 1335U (9H2E4PT),16.490.000₫,https://www.thegioididong.com/laptop/hp-240-g10-i5-9h2e4pt,55,19.590.000₫,-15%,1.190.000₫,RAM 16 GB SSD 512 GB,1,1 đánh giá
Acer Gaming Aspire 5 A515 58GM 51LB i5 13420H (NX.KQ4SV.002),16.990.000₫,https://www.thegioididong.com/laptop/acer-aspire-5-a515-58gm-51lb-i5-nxkq4sv002,56,20.490.000₫,-17%,1.890.000₫,RAM 16 GB SSD 512 GB,4.1,25 đánh giá
Asus Vivobook 15 X1504ZA i5 1235U (NJ1528W),15.390.000₫,https://www.thegioididong.com/laptop/asus-vivobook-15-x1504za-i5-nj1528w,57,17.490.000₫,-12%,1.090.000₫,RAM 16 GB SSD 1 TB,5,1 đánh giá
Acer Aspire 5 A515 58M 56YX i5 13420H (NX.KQ8SV.005),14.990.000₫,https://www.thegioididong.com/laptop/acer-aspire-5-a515-58m-56yx-i5-nxkq8sv005,58,17.490.000₫,-14%,1.090.000₫,RAM 16 GB SSD 512 GB,,
HP Pavilion X360 14 ek2024TU Core 5 120U (9Z2V6PA),23.690.000₫,https://www.thegioididong.com/laptop/hp-pavilion-x360-14-ek2024tu-core-5-9z2v6pa,59,24.990.000₫,-5%,1.190.000₫,RAM 16 GB SSD 512 GB,,
MSI Gaming Bravo 15 B7ED R5 7535HS (010VN),16.490.000₫,https://www.thegioididong.com/laptop/msi-bravo-15-b7ed-r5-010vn,60,18.490.000₫,-10%,1.090.000₫,RAM 16 GB SSD 512 GB,3.7,10 đánh giá
Lenovo V14 G4 i7 1355U (83A00012VN),18.990.000₫,https://www.thegioididong.com/laptop/lenovo-thinkpad-v14-i7-83a00012vn,61,19.990.000₫,-5%,1.190.000₫,RAM 16 GB SSD 512 GB,,
Dell Vostro 15 3520 i5 1235U (5M2TT2),15.490.000₫,https://www.thegioididong.com/laptop/dell-vostro-15-3520-i5-5m2tt2,62,,,100.000₫,RAM 8 GB SSD 512 GB,3.9,19 đánh giá
Asus Vivobook 15 X1504ZA i5 1235U (NJ1546W),14.990.000₫,https://www.thegioididong.com/laptop/asus-vivobook-15-x1504za-i5-nj1546w,63,16.990.000₫,-11%,1.090.000₫,RAM 16 GB SSD 512 GB,,
MSI Gaming Thin 15 B12UCX i5 12450H (2046VN),16.490.000₫,https://www.thegioididong.com/laptop/msi-thin-15-b12ucx-i5-2046vn,64,18.990.000₫,-13%,990.000₫,RAM 16 GB SSD 512 GB,5,1 đánh giá
Asus TUF Gaming F15 FX507ZC4 i7 12700H (HN181W),23.490.000₫,https://www.thegioididong.com/laptop/asus-fx507zc4-i7-hn181w,65,26.990.000₫,-12%,1.090.000₫,RAM 16 GB SSD 512 GB,,
Acer Aspire 3 A315 59 5283 i5 1235U (NX.K6TSV.00B),12.990.000₫,https://www.thegioididong.com/laptop/acer-aspire-3-a315-59-5283-i5-nxk6tsv00b,66,15.990.000₫,-18%,1.090.000₫,RAM 8 GB SSD 512 GB,4.1,10 đánh giá
HP Pavilion 15 eg3091TU i7 1355U (8C5L2PA),22.490.000₫,https://www.thegioididong.com/laptop/hp-pavilion-15-eg3091tu-i7-8c5l2pa,67,25.290.000₫,-11%,1.190.000₫,RAM 16 GB SSD 512 GB,4.7,3 đánh giá
Acer Aspire 5 A515 58P 34RJ i3 1315U (NX.KHJSV.003),10.490.000₫,https://www.thegioididong.com/laptop/acer-aspire-5-a515-58p-34rj-i3-nxkhjsv003,68,13.090.000₫,-19%,1.090.000₫,RAM 8 GB SSD 512 GB,4.5,13 đánh giá
HP Pavilion 15 eg2082TU i5 1240P (7C0Q5PA),16.190.000₫,https://www.thegioididong.com/laptop/hp-pavilion-15-eg2082tu-i5-7c0q5pa,69,19.790.000₫,-18%,1.190.000₫,RAM 8 GB SSD 512 GB,4,51 đánh giá
Lenovo Gaming LOQ 15IAX9 i5 12450HX (83GS00DBVN),21.290.000₫,https://www.thegioididong.com/laptop/lenovo-loq-15iax9-i5-83gs00dbvn,70,23.490.000₫,-9%,1.090.000₫,RAM 24 GB SSD 512 GB,,
Lenovo IdeaPad Slim 5 14IMH9 Ultra 5 125H (83DA001NVN),21.690.000₫,https://www.thegioididong.com/laptop/lenovo-ideapad-slim-5-14imh9-ultra-5-83da001nvn,71,22.690.000₫,,1.090.000₫,RAM 16 GB SSD 512 GB,,
Dell Inspiron 15 3530 i5 1334U (N5I5340W1),18.490.000₫,https://www.thegioididong.com/laptop/dell-inspiron-15-3530-i5-n5i5340w1,72,19.990.000₫,-7%,100.000₫,RAM 16 GB SSD 512 GB,,
Asus Gaming Vivobook K3605ZC i5 12500H (RP629W),19.490.000₫,https://www.thegioididong.com/laptop/asus-vivobook-k3605zc-i5-rp629w?utm_flashsale=1,73,24.990.000₫,-22%,1.090.000₫,RAM 16 GB SSD 512 GB,,
Asus Vivobook 15 OLED A1505VA i5 13500H (L1341W),17.690.000₫,https://www.thegioididong.com/laptop/asus-vivobook-15-oled-a1505va-i5-l1341w?utm_flashsale=1,74,19.990.000₫,-11%,1.090.000₫,RAM 16 GB SSD 512 GB,4.1,21 đánh giá
HP Pavilion 15 eg2088TU i7 1260P (7C0R0PA),21.090.000₫,https://www.thegioididong.com/laptop/hp-pavilion-15-eg2088tu-i7-7c0r0pa,75,25.290.000₫,-16%,1.190.000₫,RAM 16 GB SSD 512 GB,4.5,17 đánh giá
Acer Aspire Lite 15 51M 55NB i5 1155G7 (NX.KRSSV.001),11.490.000₫,https://www.thegioididong.com/laptop/acer-aspire-lite-15-51m-55nb-i5-nxkrssv001,76,12.990.000₫,-11%,1.090.000₫,RAM 8 GB SSD 512 GB,3,2 đánh giá
Acer Gaming Aspire 5 A515 58GM 53PZ i5 13420H (NX.KQ4SV.008),15.990.000₫,https://www.thegioididong.com/laptop/acer-aspire-a515-58gm-53pz-i5-nxkq4sv008,77,20.490.000₫,-21%,1.890.000₫,RAM 8 GB SSD 512 GB,3,1 đánh giá
HP 240 G9 i5 1235U (6L1Y2PA),15.590.000₫,https://www.thegioididong.com/laptop/hp-240-g9-i5-6l1y2pa,78,18.590.000₫,-16%,1.190.000₫,RAM 8 GB SSD 512 GB,4.4,54 đánh giá
MSI Modern 14 C13M i5 1335U (611VN),13.490.000₫,https://www.thegioididong.com/laptop/msi-modern-14-c13m-i5-611vn,79,18.490.000₫,-27%,1.090.000₫,RAM 16 GB SSD 512 GB,,
MacBook Air 13 inch M3,26.990.000₫,https://www.thegioididong.com/laptop/macbook-air-13-inch-m3-2024,80,,,,RAM 8 GB SSD 256 GB,,
Lenovo IdeaPad 1 15AMN7 R5 7520U (82VG0061VN),9.490.000₫,https://www.thegioididong.com/laptop/lenovo-ideapad-1-15amn7-r5-82vg0061vn,81,12.690.000₫,-25%,1.090.000₫,RAM 8 GB SSD 256 GB,4.2,61 đánh giá
MSI Gaming Thin 15 B12UC i5 12450H (2045VN),17.490.000₫,https://www.thegioididong.com/laptop/msi-thin-15-b12uc-i5-2045vn,82,20.990.000₫,-16%,990.000₫,RAM 16 GB SSD 512 GB,,
Dell Inspiron 15 3530 i7 1355U (P16WD),21.990.000₫,https://www.thegioididong.com/laptop/dell-inspiron-15-3530-i7-p16wd,83,23.490.000₫,-6%,100.000₫,RAM 16 GB SSD 1 TB,5,1 đánh giá
Dell Inspiron 15 3520 i5 1235U (i5U085W11BLU),15.490.000₫,https://www.thegioididong.com/laptop/dell-inspiron-15-3520-i5u085w11blu,84,,,100.000₫,RAM 8 GB SSD 512 GB,4.1,24 đánh giá
Asus TUF Gaming F15 FX507ZC4 i5 12500H (HN229W),21.490.000₫,https://www.thegioididong.com/laptop/asus-tuf-gaming-f15-fx507zc4-i5-hn229w,85,25.990.000₫,-17%,1.090.000₫,RAM 16 GB SSD 1 TB,3.8,13 đánh giá
Acer Aspire 5 A514 56P 742F i7 1355U (NX.KHRSV.005),15.990.000₫,https://www.thegioididong.com/laptop/acer-aspire-5-a514-56p-742f-i7-nxkhrsv005,86,19.990.000₫,-20%,990.000₫,RAM 16 GB SSD 512 GB,,
HP 240 G9 i5 1235U (9T2G2PT),15.990.000₫,https://www.thegioididong.com/laptop/hp-240-g9-i5-9t2g2pt,87,19.590.000₫,-18%,1.190.000₫,RAM 16 GB SSD 512 GB,,
Acer Aspire 5 A515 58P 774R i7 1355U (NX.KHJSV.005),15.990.000₫,https://www.thegioididong.com/laptop/acer-aspire-5-a515-58p-774r-i7-nxkhjsv005,88,19.990.000₫,-20%,990.000₫,RAM 16 GB SSD 512 GB,,
Asus Vivobook S 16 OLED S5606MA Ultra 5 125H (MX050W),24.990.000₫,https://www.thegioididong.com/laptop/asus-vivobook-s-16-oled-s5606ma-ultra-5-mx050w,89,27.990.000₫,-10%,1.090.000₫,RAM 16 GB SSD 512 GB,,
Asus Vivobook S 14 Flip TP3402VA i5 13500H (LZ031W),18.990.000₫,https://www.thegioididong.com/laptop/asus-vivobook-s-14-flip-tp3402va-i5-lz031w,90,20.990.000₫,-9%,1.090.000₫,RAM 16 GB SSD 512 GB,4.4,24 đánh giá
HP 15s fq5229TU i3 1215U (8U237PA),10.290.000₫,https://www.thegioididong.com/laptop/hp-15s-fq5229tu-i3-8u237pa?utm_flashsale=1,91,13.690.000₫,-24%,1.190.000₫,RAM 8 GB SSD 512 GB,4.1,19 đánh giá
MSI Gaming Katana 15 B13UDXK i7 13620H (2077VN),23.990.000₫,https://www.thegioididong.com/laptop/msi-katana-15-b13udxk-i7-2077vn,92,26.990.000₫,-11%,990.000₫,RAM 16 GB SSD 1 TB,,
Lenovo IdeaPad Slim 5 14IMH9 Ultra 7 155H (83DA0020VN),26.490.000₫,https://www.thegioididong.com/laptop/lenovo-ideapad-slim-5-14imh9-ultra-7-83da0020vn,93,28.690.000₫,-7%,1.090.000₫,RAM 32 GB SSD 1 TB,,
HP Gaming VICTUS 16 r0130TX i5 13500H (8C5N5PA),23.490.000₫,https://www.thegioididong.com/laptop/hp-gaming-victus-16-r0130tx-i5-8c5n5pa,94,29.690.000₫,-20%,1.190.000₫,RAM 16 GB SSD 512 GB,3.5,2 đánh giá
Lenovo Ideapad 3 15IAU7 i7 1255U (82RK00X0VN),16.490.000₫,https://www.thegioididong.com/laptop/lenovo-ideapad-3-15iau7-i7-82rk00x0vn,95,18.990.000₫,-13%,1.090.000₫,RAM 16 GB SSD 1 TB,3.3,3 đánh giá
Lenovo V15 G4 IRU i5 1335U (83A1000LVN),17.990.000₫,https://www.thegioididong.com/laptop/lenovo-v15-g4-iru-i5-83a1000lvn,96,,,1.090.000₫,RAM 16 GB SSD 512 GB,4,1 đánh giá
Dell Latitude 3440 i5 1235U (L3440-I51235U-16G512G),16.990.000₫,https://www.thegioididong.com/laptop/dell-latitude-3440-i5-l3440i51235u16g512g,97,18.990.000₫,-10%,1.090.000₫,RAM 16 GB SSD 512 GB,,
Dell Vostro 15 3520 i5 1235U (V3520-i5U165W11GRU),16.490.000₫,https://www.thegioididong.com/laptop/dell-vostro-15-3520-i5-v3520i5u165w11gru,98,16.990.000₫,,100.000₫,RAM 16 GB SSD 512 GB,,
MSI Modern 15 B12MO i5 1235U (625VN),11.490.000₫,https://www.thegioididong.com/laptop/msi-modern-15-b12mo-i5-625vn,99,13.990.000₫,-17%,1.090.000₫,RAM 8 GB SSD 512 GB,4,7 đánh giá
Asus TUF Gaming A15 FA506NC R5 7535HS (HN017W),18.490.000₫,https://www.thegioididong.com/laptop/asus-tuf-gaming-a15-fa506nc-r5-hn017w?utm_flashsale=1,100,22.990.000₫,-19%,1.090.000₫,RAM 16 GB SSD 512 GB,5,1 đánh giá
Acer Gaming Aspire 7 A715 76G 5806 i5 12450H (NH.QMFSV.002),18.990.000₫,https://www.thegioididong.com/laptop/acer-aspire-7-gaming-a715-76g-5806-i5-nhqmfsv002,101,22.990.000₫,-17%,1.890.000₫,RAM 16 GB SSD 512 GB,4.7,3 đánh giá
HP 240 G9 i3 1215U (6L1X8PA),11.290.000₫,https://www.thegioididong.com/laptop/hp-240-g9-i3-6l1x8pa,102,13.690.000₫,-17%,1.190.000₫,RAM 8 GB SSD 512 GB,,
Asus Vivobook 15 OLED A1505VA i5 13500H (MA467W),18.990.000₫,https://www.thegioididong.com/laptop/asus-vivobook-15-oled-a1505va-i5-ma467w,103,20.990.000₫,-9%,1.090.000₫,RAM 16 GB SSD 512 GB,,
Acer Gaming Nitro V ANV15 51 53NE i5 13420H (NH.QNASV.002),19.990.000₫,https://www.thegioididong.com/laptop/acer-nitro-v-anv15-51-53ne-i5-nhqnasv002,104,23.990.000₫,-16%,1.890.000₫,RAM 16 GB SSD 512 GB,,
HP Pavilion X360 14 ek1047TU i7 1355U (80R25PA),24.690.000₫,https://www.thegioididong.com/laptop/hp-pavilion-x360-14-ek1047tu-i7-80r25pa,105,27.590.000₫,-10%,1.190.000₫,RAM 16 GB SSD 512 GB,4.8,5 đánh giá
MSI Cyborg 15 A13VEK i7 13620H (1423VN),24.990.000₫,https://www.thegioididong.com/laptop/msi-cyborg-15-a13vek-i7-1423vn,106,26.990.000₫,-7%,990.000₫,RAM 16 GB SSD 512 GB,5,1 đánh giá
Lenovo Ideapad Slim 5 16IMH9 Ultra 7 155H (83DC001SVN),26.690.000₫,https://www.thegioididong.com/laptop/lenovo-ideapad-slim-5-16imh9-ultra-7-83dc001svn,107,27.690.000₫,,1.090.000₫,RAM 32 GB SSD 512 GB,,
Dell Vostro 15 3520 i5 1235U (i5U165W11GRU),16.490.000₫,https://www.thegioididong.com/laptop/dell-vostro-15-3520-i5-i5u165w11gru,108,16.990.000₫,,100.000₫,RAM 16 GB SSD 512 GB,5,1 đánh giá
HP 15s fq5162TU i5 1235U (7C134PA),14.990.000₫,https://www.thegioididong.com/laptop/hp-15s-fq5162tu-i5-7c134pa?utm_flashsale=1,109,18.890.000₫,-20%,1.190.000₫,RAM 8 GB SSD 512 GB,4.3,45 đánh giá
Dell Inspiron 15 3530 i5 1334U (N3530-i5U165W11SLU),18.490.000₫,https://www.thegioididong.com/laptop/dell-inspiron-15-3530-i5-n3530i5u165w11slu,110,19.990.000₫,-7%,100.000₫,RAM 16 GB SSD 512 GB,,
Asus Vivobook 15 X1504VA i7 1355U (NJ023W),18.990.000₫,https://www.thegioididong.com/laptop/asus-vivobook-15-x1504va-nj023w,111,22.990.000₫,-17%,1.090.000₫,RAM 16 GB SSD 512 GB,3.5,13 đánh giá
Asus Zenbook 14 OLED UX3402VA i5 13500H (KM657W),23.990.000₫,https://www.thegioididong.com/laptop/asus-zenbook-14-oled-i5-km657w,112,26.990.000₫,-11%,1.090.000₫,RAM 16 GB SSD 512 GB,,
Acer Predator Helios Neo PHN16 71 53M7 i5 13500HX (NH.QLUSV.005),27.990.000₫,https://www.thegioididong.com/laptop/acer-predator-helios-neo-phn16-71-53m7-i5-nhqlusv005,113,37.990.000₫,-26%,990.000₫,RAM 16 GB SSD 512 GB,,
MSI Gaming Katana 15 B13VFK i7 13620H (676VN),27.990.000₫,https://www.thegioididong.com/laptop/msi-katana-15-b13vfk-i7-676vn,114,31.990.000₫,-12%,990.000₫,RAM 16 GB SSD 1 TB,4.8,4 đánh giá
HP 15 fd1063TU Ultra 5 125H (9Z2Y1PA),18.890.000₫,https://www.thegioididong.com/laptop/hp-15-fd1063tu-ultra-5-9z2y1pa,115,20.990.000₫,-10%,1.190.000₫,RAM 16 GB SSD 512 GB,,
Asus TUF Gaming A15 FA507NUR R7 7435HS (LP057W),25.990.000₫,https://www.thegioididong.com/laptop/asus-fa507nur-r7-lp057w,116,30.490.000₫,-14%,1.090.000₫,RAM 16 GB SSD 512 GB,5,1 đánh giá
Lenovo ThinkBook 16 G7 Ultra 5 125U (21MS007GVN),22.990.000₫,https://www.thegioididong.com/laptop/lenovo-thinkbook-16-g7-ultra-5-21ms007gvn,117,23.190.000₫,,1.090.000₫,RAM 16 GB SSD 512 GB,,
Lenovo Ideapad Slim 5 14IMH9 Ultra 7 155H (83DA001YVN),26.490.000₫,https://www.thegioididong.com/laptop/lenovo-ideapad-slim-5-14imh9-ultra-7-83da001yvn,118,27.690.000₫,,1.090.000₫,RAM 32 GB SSD 512 GB,,
Dell Inspiron 15 3530 i7 1355U (71026454),21.490.000₫,https://www.thegioididong.com/laptop/dell-inspiron-15-3530-i7-71026454,119,22.390.000₫,,100.000₫,RAM 16 GB SSD 512 GB,2,1 đánh giá
Dell Vostro 3420 i5 1235U (V4I5702W1),15.490.000₫,https://www.thegioididong.com/laptop/dell-vostro-3420-i5-v4i5702w1,120,16.190.000₫,,100.000₫,RAM 8 GB SSD 512 GB,,
Acer Gaming Nitro 5 Tiger AN515 58 52SP i5 12500H (NH.QFHSV.001),19.990.000₫,https://www.thegioididong.com/laptop/acer-nitro-5-tiger-an515-58-52sp-i5-nhqfhsv001,121,27.990.000₫,-28%,1.890.000₫,RAM 8 GB SSD 512 GB,4.4,21 đánh giá
Acer Aspire Lite AL16 51P 596H i5 1235U (NX.KWZSV.002),12.990.000₫,https://www.thegioididong.com/laptop/acer-aspire-lite-al16-51p-596h-i5-nxkwzsv002,122,13.990.000₫,-7%,1.090.000₫,RAM 8 GB SSD 512 GB,,
Asus Vivobook S 14 OLED S5406MA Ultra 5 125H (PP136W),24.490.000₫,https://www.thegioididong.com/laptop/asus-vivobook-s-14-oled-s5406ma-ultra-5-pp136w,123,26.990.000₫,-9%,1.090.000₫,RAM 16 GB SSD 1 TB,,
MSI Gaming GF63 Thin 12VE i5 12450H (460VN),17.490.000₫,https://www.thegioididong.com/laptop/msi-gaming-gf63-thin-12ve-i5-460vn,124,22.490.000₫,-22%,1.090.000₫,RAM 8 GB SSD 512 GB,4.2,20 đánh giá
Asus Vivobook 15 OLED A1505ZA i5 12500H (L1337W),16.490.000₫,https://www.thegioididong.com/laptop/asus-vivobook-15-oled-a1505za-i5-l1337w,125,18.990.000₫,-13%,1.090.000₫,RAM 16 GB SSD 512 GB,4.2,12 đánh giá
HP 15 fd0304TU i3 1315U (A2NL5PA),10.990.000₫,https://www.thegioididong.com/laptop/hp-15-fd0304tu-i3-a2nl5pa?utm_flashsale=1,126,13.490.000₫,-18%,1.190.000₫,RAM 8 GB SSD 512 GB,3,1 đánh giá
HP 15s fq5147TU i7 1255U (7C133PA),17.190.000₫,https://www.thegioididong.com/laptop/hp-15s-fq5147tu-i7-7c133pa?utm_flashsale=1,127,20.890.000₫,-17%,1.190.000₫,RAM 8 GB SSD 512 GB,4.2,28 đánh giá
Lenovo ThinkPad E14 Gen 6 Ultra 7 155U (21M7004UVN),27.990.000₫,https://www.thegioididong.com/laptop/lenovo-thinkpad-e14-ultra-7-21m7004uvn,128,28.790.000₫,,1.090.000₫,RAM 16 GB SSD 512 GB,,
MSI Gaming Thin GF63 12UC i5 12450H (803VN),15.490.000₫,https://www.thegioididong.com/laptop/msi-gf63-12uc-i5-803vn,129,18.990.000₫,-18%,1.090.000₫,RAM 8 GB SSD 512 GB,4.4,5 đánh giá
Lenovo Legion 5 16IRX9 i7 14650HX (83DG0051VN),40.390.000₫,https://www.thegioididong.com/laptop/lenovo-legion-5-16irx9-i7-83dg0051vn,130,45.990.000₫,-12%,1.090.000₫,RAM 16 GB SSD 1 TB,,
MacBook Air 15 inch M2,27.590.000₫,https://www.thegioididong.com/laptop/apple-macbook-air-m2-2023,131,,,,RAM 8 GB SSD 256 GB,4.8,8 đánh giá
Lenovo Gaming Legion Pro 5 16IRX9 i9 14900HX (83DF0047VN),46.990.000₫,https://www.thegioididong.com/laptop/lenovo-legion-pro-5-16irx9-i9-83df0047vn,132,49.990.000₫,-6%,1.090.000₫,RAM 32 GB SSD 1 TB,,
Dell Inspiron 15 3530 i7 1355U (71043888),21.490.000₫,https://www.thegioididong.com/laptop/dell-inspiron-15-3530-i7-71043888,133,22.390.000₫,,100.000₫,RAM 16 GB SSD 512 GB,5,1 đánh giá
Asus Zenbook 14 OLED UX3405MA Ultra 5 125H,26.190.000₫,https://www.thegioididong.com/laptop/asus-zenbook-14-oled-ux3405ma-ultra-5-pp151w?utm_flashsale=1,134,28.990.000₫,-9%,1.090.000₫,RAM 16 GB SSD 512 GB,4.4,5 đánh giá
Dell Inspiron 14 5440 Core 7 150U (7FN5J),24.990.000₫,https://www.thegioididong.com/laptop/dell-inspiron-14-5440-core-7-7fn5j,135,26.990.000₫,-7%,100.000₫,RAM 16 GB SSD 1 TB,,
Acer Swift Go 14 41 R251 R5 7430U (NX.KG3SV.005),16.990.000₫,https://www.thegioididong.com/laptop/acer-swift-go-14-41-r251-r5-nxkg3sv005,136,19.490.000₫,-12%,1.090.000₫,RAM 16 GB SSD 1 TB,,
HP Envy x360 14 fc0094TU Ultra 5 125U (A19C4PA),27.490.000₫,https://www.thegioididong.com/laptop/hp-envy-x360-14-fc0094tu-ultra-5-a19c4pa,137,29.490.000₫,-6%,1.190.000₫,RAM 16 GB SSD 512 GB,,
MSI Modern 15 B7M R5 7530U (231VN),11.490.000₫,https://www.thegioididong.com/laptop/msi-modern-15-b7m-r5-231vn,138,14.990.000₫,-23%,1.090.000₫,RAM 16 GB SSD 512 GB,4.5,11 đánh giá
Acer Gaming Nitro V ANV15 51 55CA i5 13420H (NH.QN8SV.004),24.990.000₫,https://www.thegioididong.com/laptop/acer-nitro-v-anv15-51-55ca-i5-nhqn8sv004,139,27.990.000₫,-10%,1.890.000₫,RAM 16 GB SSD 512 GB,,
Asus TUF Gaming A15 FA507NV R7 7735HS (LP031W),27.990.000₫,https://www.thegioididong.com/laptop/asus-tuf-gaming-a15-fa507nv-r7-lp031w,140,31.990.000₫,-12%,1.090.000₫,RAM 16 GB SSD 512 GB,4.8,6 đánh giá
Asus TUF Gaming F15 FX507VU i7 13620H (LP167W),27.990.000₫,https://www.thegioididong.com/laptop/asus-tuf-gaming-f15-fx507vu-i7-lp167w,141,31.990.000₫,-12%,1.090.000₫,RAM 16 GB SSD 512 GB,4,1 đánh giá
MSI Gaming GF63 Thin 12UCX i5 12450H (873VN),15.490.000₫,https://www.thegioididong.com/laptop/msi-gaming-gf63-thin-12ucx-i5-873vn,142,18.990.000₫,-18%,1.090.000₫,RAM 16 GB SSD 512 GB,4,11 đánh giá
HP 15 fd1064TU Ultra 5 125H (9Z2Y2PA),18.290.000₫,https://www.thegioididong.com/laptop/hp-15-fd1064tu-ultra-5-9z2y2pa?utm_flashsale=1,143,20.990.000₫,-12%,1.190.000₫,RAM 16 GB SSD 512 GB,,
HP Gaming VICTUS 16 s0077AX R7 7840HS (8C5N6PA),26.590.000₫,https://www.thegioididong.com/laptop/hp-gaming-victus-16-s0077ax-r7-8c5n6pa,144,31.690.000₫,-16%,1.190.000₫,RAM 16 GB SSD 512 GB,,
Lenovo Yoga Slim 7 14IMH9 Ultra 7 155H (83CV001VVN),30.990.000₫,https://www.thegioididong.com/laptop/lenovo-yoga-7-14imh9-ultra7-83cv001vvn,145,31.990.000₫,,100.000₫,RAM 32 GB SSD 1 TB,,
Dell Inspiron 15 3530 i5 1334U (71043885),18.490.000₫,https://www.thegioididong.com/laptop/dell-inspiron-15-3530-i5-71043885,146,19.990.000₫,-7%,100.000₫,RAM 16 GB SSD 512 GB,,
Dell Inspiron 15 3520 i5 1235U (71027003),15.490.000₫,https://www.thegioididong.com/laptop/dell-inspiron-15-3520-i5-71027003,147,,,100.000₫,RAM 8 GB SSD 512 GB,3.5,2 đánh giá
Acer Aspire 5 A515 58M 79R7 i7 13620H (NX.KQ8SV.007),18.990.000₫,https://www.thegioididong.com/laptop/acer-aspire-5-a515-58m-79r7-i7-nxkq8sv007,148,20.990.000₫,-9%,1.090.000₫,RAM 16 GB SSD 512 GB,5,1 đánh giá
Acer Gaming Aspire 7 A715 76G 59MW i5 12450H (NH.QMYSV.001),15.990.000₫,https://www.thegioididong.com/laptop/acer-aspire-7-gaming-a715-76g-59mw-i5-nhqmysv001,149,21.490.000₫,-25%,1.890.000₫,RAM 8 GB SSD 512 GB,4.5,2 đánh giá
Asus Vivobook 14X OLED K3405VC i5 13500H (KM006W),23.690.000₫,https://www.thegioididong.com/laptop/asus-vivobook-14x-oled-k3405vc-i5-km006w?utm_flashsale=1,150,28.490.000₫,-16%,1.090.000₫,RAM 16 GB SSD 512 GB,4.4,8 đánh giá
Asus Vivobook 15 OLED A1505VA i9 13900H (L1386W),21.990.000₫,https://www.thegioididong.com/laptop/asus-vivobook-15-oled-a1505va-i9-l1386w,151,24.990.000₫,-12%,1.090.000₫,RAM 16 GB SSD 1 TB,3.3,3 đánh giá
HP Probook 450 G10 i5 1335U (9H1N5PT),19.790.000₫,https://www.thegioididong.com/laptop/hp-probook-450-g10-i5-9h1n5pt,152,22.590.000₫,-12%,1.190.000₫,RAM 16 GB SSD 512 GB,,
HP Pavilion 15 eg3094TU i5 1335U (8C5L5PA),17.490.000₫,https://www.thegioididong.com/laptop/hp-pavilion-15-eg3094tu-i5-8c5l5pa?utm_flashsale=1,153,19.990.000₫,-12%,1.190.000₫,RAM 8 GB SSD 512 GB,5,1 đánh giá
MSI Gaming Sword 16 HX B14VFKG i7 14700HX (045VN),36.990.000₫,https://www.thegioididong.com/laptop/msi-gaming-sword-16-hx-b14vfkg-i7-045vn,154,39.990.000₫,-7%,990.000₫,RAM 16 GB SSD 1 TB,4.5,2 đánh giá
MSI Gaming Cyborg 14 A13VE i7 13620H (090VN),26.490.000₫,https://www.thegioididong.com/laptop/msi-cyborg-14-a13ve-i7-090vn,155,27.990.000₫,-5%,990.000₫,RAM 16 GB SSD 512 GB,,
Lenovo Gaming Legion Pro 5 16IRX9 i9 14900HX (83DF0046VN),51.990.000₫,https://www.thegioididong.com/laptop/lenovo-legion-pro-5-16irx9-i9-83df0046vn,156,56.990.000₫,-8%,1.090.000₫,RAM 32 GB SSD 1 TB,,
Lenovo ThinkBook 14 Ultra 7 155U (21MR0072VN),26.990.000₫,https://www.thegioididong.com/laptop/lenovo-thinkbook-14-ultra-7-21mr0072vn,157,27.390.000₫,,1.090.000₫,RAM 16 GB SSD 512 GB,,
Dell Vostro 15 3520 i3 1215U (V5I3614W1),10.490.000₫,https://www.thegioididong.com/laptop/dell-vostro-3520-i3-v5i3614w1,158,12.990.000₫,-19%,100.000₫,RAM 8 GB SSD 256 GB,4.0,28 đánh giá
Dell Inspiron 14 5440 Core 7 150U (N4I7204W1),23.990.000₫,https://www.thegioididong.com/laptop/dell-inspiron-14-5440-core-7-n4i7204w1,159,25.990.000₫,-7%,100.000₫,RAM 16 GB SSD 512 GB,,Đánh giá
Acer Gaming Nitro 5 Tiger AN515 58 769J i7 12700H (NH.QFHSV.003),21.490.000₫,https://www.thegioididong.com/laptop/acer-nitro-5-an515-58-769j-i7-nhqfhsv003,160,31.790.000₫,-32%,1.890.000₫,RAM 8 GB SSD 512 GB,4.5,10 đánh giá
Acer Nitro V ANV15 51 75GS i7 13620H (NH.QN8SV.005),23.990.000₫,https://www.thegioididong.com/laptop/acer-nitro-v-anv15-51-75gs-i7-nhqn8sv005,161,30.990.000₫,-22%,990.000₫,RAM 16 GB SSD 512 GB,,
Asus TUF Gaming F15 FX507VU i7 13620H (LP186W),30.490.000₫,https://www.thegioididong.com/laptop/asus-fx507vu-i7-lp186w,162,34.490.000₫,-11%,1.090.000₫,RAM 16 GB SSD 512 GB,,
HP Pavilion X360 14 ek2027TU Core 7 150U (9Z2V9PA),26.790.000₫,https://www.thegioididong.com/laptop/hp-pavilion-x360-14-ek2027tu-core-7-9z2v9pa,163,28.290.000₫,-5%,1.190.000₫,RAM 16 GB SSD 512 GB,,
Acer Swift Go SFG14 71 513F i5 13500H (NX.KPZSV.003),17.990.000₫,https://www.thegioididong.com/laptop/acer-swift-go-sfg14-71-513f-i5-nxkpzsv003,164,24.590.000₫,-26%,,RAM 16 GB SSD 512 GB,,
HP 245 G10 R5 7520U (8F155PA),11.590.000₫,https://www.thegioididong.com/laptop/hp-245-g10-r5-8f155pa?utm_flashsale=1,165,14.190.000₫,-18%,1.190.000₫,RAM 8 GB SSD 512 GB,4.3,9 đánh giá
Asus Gaming Vivobook K3605ZU i5 12500H (RP296W),23.990.000₫,https://www.thegioididong.com/laptop/asus-gaming-vivobook-k3605zu-i5-rp296w,166,28.490.000₫,-15%,1.090.000₫,RAM 16 GB SSD 512 GB,,
Acer Swift Go SFG14 71 74CP i7 13700H (NX.KPZSV.004),19.990.000₫,https://www.thegioididong.com/laptop/acer-swift-go-sfg14-71-74cp-i7-nxkpzsv004,167,28.690.000₫,-30%,,RAM 16 GB SSD 512 GB,,
Acer Aspire 5 A514 54 5127 i5 1135G7 (NX.A28SV.007),12.990.000₫,https://www.thegioididong.com/laptop/acer-aspire-a514-54-5127-i5-nxa28sv007,168,15.490.000₫,-16%,1.090.000₫,RAM 8 GB SSD 512 GB,4.1,26 đánh giá
HP Pavilion 15 eg2085TU i5 1240P (7C0Q7PA),15.590.000₫,https://www.thegioididong.com/laptop/hp-pavilion-15-eg2085tu-i5-7c0q7pa,169,18.790.000₫,-17%,1.190.000₫,RAM 8 GB SSD 256 GB,4.2,16 đánh giá
MSI Modern 15 B7M R7 7730U (238VN),12.990.000₫,https://www.thegioididong.com/laptop/msi-modern-15-b7m-r7-238vn,170,16.990.000₫,-23%,1.090.000₫,RAM 16 GB SSD 512 GB,5,1 đánh giá
Dell Inspiron 16 5640 Core 7 150U (N5640-C7U161W11IBU),25.990.000₫,https://www.thegioididong.com/laptop/dell-inspiron-16-5640-core-7-n5640c7u161w11ibu,171,27.490.000₫,-5%,100.000₫,RAM 16 GB SSD 1 TB,,
Asus Vivobook 15 OLED A1505VA i9 13900H (MA586WS),23.490.000₫,https://www.thegioididong.com/laptop/asus-vivobook-15-oled-a1505va-i9-ma586ws,172,25.990.000₫,-9%,100.000₫,RAM 16 GB SSD 512 GB,,
HP Elitebook 630 G10 i5 1335U (9J0B4PT),20.990.000₫,https://www.thegioididong.com/laptop/hp-elitebook-630-g10-i5-19j0b4pt,173,23.590.000₫,-11%,1.190.000₫,RAM 16 GB SSD 512 GB,,
Dell Inspiron 16 5640 Core 7 150U (KHPF5),27.990.000₫,https://www.thegioididong.com/laptop/dell-inspiron-16-5640-core-7-khpf5,174,29.490.000₫,-5%,100.000₫,RAM 16 GB SSD 1 TB,,
HP Gaming VICTUS 16 s0173AX R5 7640HS (A9LG9PA),22.190.000₫,https://www.thegioididong.com/laptop/hp-victus-16-s0173ax-r5-a9lg9pa,175,27.390.000₫,-18%,1.190.000₫,RAM 16 GB SSD 512 GB,,
MSI Gaming Thin 15 B13UCX i5 13420H (2080VN),17.490.000₫,https://www.thegioididong.com/laptop/msi-thin-15-b13ucx-i5-2080vn,176,19.990.000₫,-12%,990.000₫,RAM 16 GB SSD 512 GB,,
Acer Aspire 5 A514 56P 54TN i5 1335U (NX.KHRSV.004),13.990.000₫,https://www.thegioididong.com/laptop/acer-aspire-5-a514-56p-54tn-i5-nxkhrsv004,177,15.990.000₫,-12%,1.090.000₫,RAM 8 GB SSD 512 GB,,
Asus TUF Gaming F15 FX507VV i7 13620H (LP151W),32.490.000₫,https://www.thegioididong.com/laptop/asus-fx507vv-i7-lp151w,178,36.490.000₫,-10%,1.090.000₫,RAM 16 GB SSD 512 GB,,
HP Pavilion 15 eg3095TU i5 1335U (8C5L6PA),17.490.000₫,https://www.thegioididong.com/laptop/hp-pavilion-15-eg3095tu-i5-8c5l6pa?utm_flashsale=1,179,19.990.000₫,-12%,1.190.000₫,RAM 8 GB SSD 512 GB,5,2 đánh giá
Acer Swift Go 14 AI SFG14 73 53X7 Ultra 5 125H (NX.KSLSV.001),23.290.000₫,https://www.thegioididong.com/laptop/acer-swift-go-14-ai-73-53x7-ultra-5-nxkslsv001,180,23.990.000₫,,1.090.000₫,RAM 16 GB SSD 512 GB,5,1 đánh giá
MSI Gaming Thin A15 B7UCX R5 7535HS (020VN),15.490.000₫,https://www.thegioididong.com/laptop/msi-gaming-thin-a15-b7ucx-r5-020vn,181,18.990.000₫,-18%,990.000₫,RAM 8 GB SSD 512 GB,,
Asus Vivobook 15 X1504ZA i5 1235U (NJ1608W),14.990.000₫,https://www.thegioididong.com/laptop/asus-x1504za-i5-nj1608w,182,16.990.000₫,-11%,1.090.000₫,RAM 16 GB SSD 512 GB,,
Dell Inspiron 15 3520 i3 1215U (i3U082W11BLU),10.490.000₫,https://www.thegioididong.com/laptop/dell-inspiron-15-3520-i3-i3u082w11blu,183,12.990.000₫,-19%,100.000₫,RAM 8 GB SSD 256 GB,4.4,25 đánh giá
HP Pavilion X360 14 ek1049TU i5 1335U (80R27PA),20.790.000₫,https://www.thegioididong.com/laptop/hp-pavilion-x360-14-ek1049tu-i5-80r27pa?utm_flashsale=1,184,24.290.000₫,-14%,1.190.000₫,RAM 16 GB SSD 512 GB,4.2,14 đánh giá
Dell Inspiron 15 3530 i7 1355U (N3530I716W1),23.990.000₫,https://www.thegioididong.com/laptop/dell-inspiron-15-3530-i7-n3530i716w1,185,25.290.000₫,-5%,100.000₫,RAM 16 GB SSD 512 GB,3.7,11 đánh giá
HP Envy X360 14 fa0050AU R5 8640HS (A29H8PA),26.990.000₫,https://www.thegioididong.com/laptop/hp-envy-x360-14-fa0050au-r5-a29h8pa,186,28.990.000₫,-6%,1.190.000₫,RAM 16 GB SSD 512 GB,,
Asus TUF Gaming F15 FX506HF i5 11400H (HN014W),15.990.000₫,https://www.thegioididong.com/laptop/asus-tuf-gaming-f15-fx506hf-i5-hn014w,187,18.990.000₫,-15%,1.090.000₫,RAM 8 GB SSD 512 GB,4.5,37 đánh giá
HP Elitebook 630 G10 i7 1355U (873F2PA),23.990.000₫,https://www.thegioididong.com/laptop/hp-elitebook-630-g10-i7-873f2pa?utm_flashsale=1,188,27.790.000₫,-13%,1.190.000₫,RAM 16 GB SSD 512 GB,5,1 đánh giá
HP Pavilion 15 eg2086TU i3 1215U (7C0Q8PA),11.790.000₫,https://www.thegioididong.com/laptop/hp-pavilion-15-eg2086tu-i3-7c0q8pa?utm_flashsale=1,189,15.290.000₫,-22%,1.190.000₫,RAM 8 GB SSD 256 GB,4.2,21 đánh giá
Asus TUF Gaming A15 FA507NU R5 7535HS (LP105W),23.490.000₫,https://www.thegioididong.com/laptop/asus-tuf-gaming-a15-fa507nu-r5-lp105w,190,26.490.000₫,-11%,1.090.000₫,RAM 16 GB SSD 512 GB,4.6,7 đánh giá
Acer Gaming Nitro V ANV15 51 58AN i5 13420H (NH.QNASV.001),19.490.000₫,https://www.thegioididong.com/laptop/acer-nitro-v-anv15-51-58an-i5-nhqnasv001,191,21.490.000₫,-9%,1.890.000₫,RAM 8 GB SSD 512 GB,,
Acer Swift Go 14 AI SFG14 73 71ZX Ultra 7 155H (NX.KSLSV.002),26.290.000₫,https://www.thegioididong.com/laptop/acer-swift-go-14-ai-73-71zx-ultra-7-nxkslsv002,192,26.990.000₫,,1.090.000₫,RAM 16 GB SSD 512 GB,,
MSI Gaming Stealth 14 AI Studio A1VFG Ultra 7 155H (085VN),48.990.000₫,https://www.thegioididong.com/laptop/msi-stealth-14-ai-studio-a1vfg-ultra-7-085vn,193,51.990.000₫,-5%,990.000₫,RAM 32 GB SSD 1 TB,,
HP Envy X360 13 bf0090TU i7 1250U (76B13PA),25.490.000₫,https://www.thegioididong.com/laptop/hp-envy-x360-13-bf0090tu-i7-76b13pa?utm_flashsale=1,194,32.990.000₫,-22%,1.190.000₫,RAM 16 GB SSD 512 GB,4.6,15 đánh giá
MSI Prestige 13 AI Evo A1MG Ultra 7 155H (062VN),30.990.000₫,https://www.thegioididong.com/laptop/msi-prestige-13-ai-evo-a1mg-ultra-7-062vn,195,33.990.000₫,-8%,990.000₫,RAM 32 GB SSD 1 TB,,
Acer Gaming Nitro 5 Tiger AN515 58 773Y i7 12700H (NH.QFKSV.001),22.490.000₫,https://www.thegioididong.com/laptop/acer-nitro-5-tiger-an515-58-773y-i7-nhqfksv001,196,31.990.000₫,-29%,1.890.000₫,RAM 8 GB SSD 512 GB,4.7,26 đánh giá
Acer Gaming Nitro V ANV15 51 57B2 i5 13420H (NH.QN8SV.001),23.990.000₫,https://www.thegioididong.com/laptop/acer-nitro-v-anv15-51-57b2-i5-nhqn8sv001,197,26.990.000₫,-11%,1.890.000₫,RAM 8 GB SSD 512 GB,,
MSI Gaming Katana A15 AI B8VF R7 8845HS (419VN),28.990.000₫,https://www.thegioididong.com/laptop/msi-gaming-katana-a15-ai-b8vf-r7-419vn,198,30.990.000₫,-6%,990.000₫,RAM 16 GB SSD 512 GB,,
Lenovo Legion Slim 5 16AHP9 R7 8845HS (83DH003BVN),43.990.000₫,https://www.thegioididong.com/laptop/lenovo-legion-slim-5-16ahp9-r7-83dh003bvn,199,44.990.000₫,,990.000₫,RAM 32 GB SSD 1 TB,,
Lenovo V15 G5 IRL Core 5 120U (83HF0000VN),18.990.000₫,https://www.thegioididong.com/laptop/lenovo-v15-g5-irl-core-5-83hf0000vn,200,19.890.000₫,,1.090.000₫,RAM 16 GB SSD 512 GB,,
Dell Vostro 15 3520 i5 1235U (V5I5610W1),15.490.000₫,https://www.thegioididong.com/laptop/dell-vostro-15-3520-i5-v5i5610w1,201,,,100.000₫,RAM 8 GB SSD 512 GB,4.5,6 đánh giá
HP Elitebook 630 G10 i7 1355U (9H1N9PT),24.490.000₫,https://www.thegioididong.com/laptop/hp-elitebook-630-g10-i7-9h1n9pt,202,27.790.000₫,-11%,1.190.000₫,RAM 16 GB SSD 512 GB,,
Dell Inspiron 14 7430 2-in-1 i7 1355U (i7U165W11SLU),27.990.000₫,https://www.thegioididong.com/laptop/dell-inspiron-14-7430-2-in-1-i7-i7u165w11slu,203,29.490.000₫,-5%,100.000₫,RAM 16 GB SSD 512 GB,4.7,6 đánh giá
Asus Vivobook S 16 OLED M5606WA R9 AI HX 370 (MX072WS),30.990.000₫,https://www.thegioididong.com/laptop/asus-vivobook-s-16-oled-m5606wa-r9-mx072ws,204,33.990.000₫,-8%,100.000₫,RAM 32 GB SSD 1 TB,,
HP Pavilion 15 eg3098TU i3 1315U (8C5L9PA),13.390.000₫,https://www.thegioididong.com/laptop/hp-pavilion-15-eg3098tu-i3-8c5l9pa?utm_flashsale=1,205,15.290.000₫,-12%,1.190.000₫,RAM 8 GB SSD 256 GB,,
MSI Gaming Cyborg 15 AI A1VEK Ultra 7 155H (053VN),28.490.000₫,https://www.thegioididong.com/laptop/msi-gaming-cyborg-15-ai-a1vek-ultra-7-053vn,206,30.990.000₫,-8%,1.090.000₫,RAM 16 GB SSD 512 GB,,
MSI Gaming Katana A15 AI B8VG R7 8845HS (465VN),37.990.000₫,https://www.thegioididong.com/laptop/msi-katana-a15-ai-b8vg-r7-465vn,207,39.990.000₫,-5%,990.000₫,RAM 16 GB SSD 1 TB,,
Dell Inspiron 15 3520 i3 1215U (71003264),11.490.000₫,https://www.thegioididong.com/laptop/dell-inspiron-3520-i3-71003264,208,13.790.000₫,-16%,100.000₫,RAM 8 GB SSD 512 GB,4.3,23 đánh giá
HP Envy X360 14 fa0048AU R7 8840HS (A19BQPA),29.190.000₫,https://www.thegioididong.com/laptop/hp-envy-x360-14-fa0048au-r7-a19bqpa,209,31.690.000₫,-7%,1.190.000₫,RAM 16 GB SSD 512 GB,,
Asus TUF Gaming F15 FX507ZC4 i5 12500H (HN074W),18.990.000₫,https://www.thegioididong.com/laptop/asus-tuf-gaming-f15-fx507zc4-i5-hn074w,210,23.990.000₫,-20%,1.090.000₫,RAM 8 GB SSD 512 GB,3.9,19 đánh giá
Dell Inspiron 15 3530 i5 1335U (N3530-i5U085W11BLU),17.490.000₫,https://www.thegioididong.com/laptop/dell-inspiron-3530-i5-1335u-i5u085w11blu,211,18.490.000₫,-5%,100.000₫,RAM 8 GB SSD 512 GB,4.2,9 đánh giá
HP Probook 450 G10 i7 1355U (873D3PA),24.990.000₫,https://www.thegioididong.com/laptop/hp-probook-450-g10-i7-873d3pa?utm_flashsale=1,212,26.990.000₫,-7%,1.190.000₫,RAM 16 GB SSD 512 GB,,
Lenovo V14 Core 5 120U (83HD0001VN),19.490.000₫,https://www.thegioididong.com/laptop/lenovo-v14-core-5-83hd0001vn,213,,,1.090.000₫,RAM 16 GB SSD 512 GB,,
Asus Zenbook 14 OLED UX3405MA Ultra 9 185H (PP475W),33.490.000₫,https://www.thegioididong.com/laptop/asus-zenbook-14-oled-ux3405ma-ultra-9-pp475w,214,36.990.000₫,-9%,1.090.000₫,RAM 32 GB SSD 1 TB,5,1 đánh giá
Dell Latitude 3540 i5 1235U (71038100),16.990.000₫,https://www.thegioididong.com/laptop/dell-latitude-3540-i5-71038100,215,18.990.000₫,-10%,1.090.000₫,RAM 16 GB SSD 512 GB,,
HP VICTUS 16 r0283TX i5 13500H (AD9T3PA),23.490.000₫,https://www.thegioididong.com/laptop/hp-victus-16-r0283tx-i5-ad9t3pa,216,29.690.000₫,-20%,1.190.000₫,RAM 16 GB SSD 512 GB,,
Asus Zenbook 14 OLED UX3405MA Ultra 7 155H (PP152W),31.490.000₫,https://www.thegioididong.com/laptop/asus-zenbook-14-oled-ux3405ma-ultra-7-pp152w,217,34.990.000₫,-10%,1.090.000₫,RAM 32 GB SSD 1 TB,5,3 đánh giá
Lenovo Gaming LOQ 15IRX9 i7 13650HX (83DV00D5VN),30.290.000₫,https://www.thegioididong.com/laptop/lenovo-loq-15irx9-i7-83dv00d5vn,218,32.990.000₫,-8%,1.090.000₫,RAM 16 GB SSD 512 GB,,
HP Probook 450 G10 i5 1335U (873D1PA),19.790.000₫,https://www.thegioididong.com/laptop/hp-probook-450-g10-i5-873d1pa?utm_flashsale=1,219,22.590.000₫,-12%,1.190.000₫,RAM 16 GB SSD 512 GB,5,1 đánh giá
Asus Zenbook 14 OLED UX3402VA i7 1360P (KM068W),27.390.000₫,https://www.thegioididong.com/laptop/asus-zenbook-14-oled-ux3402va-i7-km068w?utm_flashsale=1,220,31.990.000₫,-14%,1.090.000₫,RAM 16 GB SSD 512 GB,5,2 đánh giá
Lenovo Ideapad Slim 5 16IMH9 Ultra 5 125H (83DC001RVN),22.690.000₫,https://www.thegioididong.com/laptop/lenovo-ideapad-slim-5-16imh9-ultra-5-83dc001rvn,221,23.690.000₫,,1.090.000₫,RAM 16 GB SSD 512 GB,,
HP Probook 450 G10 i7 1355U (9H8H1PT),24.990.000₫,https://www.thegioididong.com/laptop/hp-probook-450-g10-i7-9h8h1pt,222,26.990.000₫,-7%,1.190.000₫,RAM 16 GB SSD 512 GB,,
HP Gaming VICTUS 16 s0139AX R7 7840HS (9Q986PA),33.390.000₫,https://www.thegioididong.com/laptop/hp-victus-16-s0139ax-r7-9q986pa,223,37.390.000₫,-10%,1.190.000₫,RAM 32 GB SSD 512 GB,,
HP Pavilion 15 eg2062TX i5 1235U (7C0W7PA),15.790.000₫,https://www.thegioididong.com/laptop/hp-pavilion-15-eg2062tx-i5-7c0w7pa?utm_flashsale=1,224,20.590.000₫,-23%,1.190.000₫,RAM 8 GB SSD 512 GB,4.3,12 đánh giá
HP Gaming VICTUS 16 s0078AX R5 7640HS (8C5N7PA),22.190.000₫,https://www.thegioididong.com/laptop/hp-victus-16-s0078ax-r5-8c5n7pa,225,27.390.000₫,-18%,1.190.000₫,RAM 16 GB SSD 512 GB,,
Dell Inspiron 15 3520 i5 1235U (N5I5011W1),16.490.000₫,https://www.thegioididong.com/laptop/dell-inspiron-15-3520-i5-n5i5011w1,226,16.990.000₫,,100.000₫,RAM 16 GB SSD 512 GB,,
HP Envy X360 14 fc0083TU Ultra 7 155U (A19BSPA),34.090.000₫,https://www.thegioididong.com/laptop/hp-envy-x360-14-fc0083tu-ultra-7-a19bspa,227,36.590.000₫,-6%,1.190.000₫,RAM 32 GB SSD 1 TB,3,1 đánh giá
Asus TUF Gaming A15 FA507NVR R7 7435HS (LP007W),28.990.000₫,https://www.thegioididong.com/laptop/asus-fa507nvr-r7-lp007w,228,32.490.000₫,-10%,1.090.000₫,RAM 16 GB SSD 512 GB,,
Asus TUF Gaming Dash F15 FX517ZE i5 12450H (HN045W),19.990.000₫,https://www.thegioididong.com/laptop/asus-tuf-gaming-fx517ze-i5-hn045w,229,24.990.000₫,-20%,1.090.000₫,RAM 8 GB SSD 512 GB,4.6,41 đánh giá
MSI Gaming Katana A15 AI B8VE R7 8845HS (402VN),26.990.000₫,https://www.thegioididong.com/laptop/msi-gaming-katana-a15-ai-b8ve-r7-402vn,230,28.990.000₫,-6%,990.000₫,RAM 16 GB SSD 512 GB,,
Dell Latitude 3440 i7 1355U (71038103),24.490.000₫,https://www.thegioididong.com/laptop/dell-latitude-3440-i7-71038103,231,26.990.000₫,-9%,1.090.000₫,RAM 16 GB SSD 512 GB,,
Asus Vivobook S 14 OLED M5406WA R9 AI HX 370 (PP071WS),31.990.000₫,https://www.thegioididong.com/laptop/asus-vivobook-s-14-oled-m5406wa-r9-pp071ws,232,33.990.000₫,-5%,100.000₫,RAM 32 GB SSD 1 TB,,
Lenovo ThinkPad T14s i7 1355U (21F6007XVN),44.990.000₫,https://www.thegioididong.com/laptop/lenovo-thinkpad-t14s-i7-21f6007xvn,233,45.690.000₫,,1.090.000₫,RAM 32 GB SSD 512 GB,,
Lenovo Thinkpad X13 Ultra 5 125U (21LU004NVN),33.990.000₫,https://www.thegioididong.com/laptop/lenovo-thinkpad-x13-ultra-5-21lu004nvn,234,34.990.000₫,,1.090.000₫,RAM 16 GB SSD 512 GB,,
Dell Inspiron 15 3520 i5 1235U (N3520-i5U165W11BLU-FP),16.490.000₫,https://www.thegioididong.com/laptop/dell-inspiron-15-3520-i5-n3520i5u165w11blufp,235,16.990.000₫,,100.000₫,RAM 16 GB SSD 512 GB,,
MacBook Pro 14 inch M3,44.090.000₫,https://www.thegioididong.com/laptop/macbook-pro-14-inch-m3-2023-16gb,236,,,,RAM 16 GB SSD 512 GB,,
Dell Inspiron 15 3530 i5 1335U (N5I5791W1),18.990.000₫,https://www.thegioididong.com/laptop/dell-inspiron-15-3530-i5-n5i5791w1,237,19.990.000₫,-5%,100.000₫,RAM 16 GB SSD 512 GB,4.6,8 đánh giá
HP VICTUS 16 r0127TX i7 13700H (8C5N2PA),33.590.000₫,https://www.thegioididong.com/laptop/hp-victus-16-r0127tx-i7-8c5n2pa,238,38.390.000₫,-12%,1.190.000₫,RAM 16 GB SSD 512 GB,,
HP Envy x360 14 fc0089TU Ultra 7 155U (A19BZPA),30.990.000₫,https://www.thegioididong.com/laptop/hp-envy-x360-14-fc0089tu-ultra-7-a19bzpa,239,33.490.000₫,-7%,1.190.000₫,RAM 16 GB SSD 512 GB,,
Dell XPS 13 9340 Ultra 7 155H (HXRGT),55.990.000₫,https://www.thegioididong.com/laptop/dell-xps-13-9340-ultra-7-hxrgt,240,59.990.000₫,-6%,100.000₫,RAM 16 GB SSD 1 TB,,
ASUS TUF Gaming A15 FA507UV R7 8845HS (LP142W),29.990.000₫,https://www.thegioididong.com/laptop/asus-fa507uv-r7-lp142w,241,34.990.000₫,-14%,1.090.000₫,RAM 16 GB SSD 512 GB,,
Dell Inspiron 16 5640 Core 7 150U (N6I7512W1),31.490.000₫,https://www.thegioididong.com/laptop/dell-inspiron-16-5640-core-7-n6i7512w1,242,33.690.000₫,-6%,100.000₫,RAM 16 GB SSD 1 TB,,
Dell Inspiron 15 3530 i5 1335U (N5I5007W1),18.990.000₫,https://www.thegioididong.com/laptop/dell-inspiron-15-3530-i5-n5i5007w1,243,19.990.000₫,-5%,100.000₫,RAM 16 GB SSD 512 GB,,
Asus Vivobook S 15 S5507QA X1E 78 100 (MA089WS),30.990.000₫,https://www.thegioididong.com/laptop/asus-vivobook-s-15-s5507qa-x1e-78-ma089ws,244,34.990.000₫,-11%,100.000₫,RAM 32 GB SSD 1 TB,,
Dell G15 5530 i9 13900HX (i9HX161W11GR4060),40.990.000₫,https://www.thegioididong.com/laptop/dell-g15-5530-i9-i9hx161w11gr4060,245,46.190.000₫,-11%,1.000.000₫,RAM 16 GB SSD 1 TB,,
Dell Inspiron 7440 Core 7 150U (N7440-C7U161W11IBU),32.490.000₫,https://www.thegioididong.com/laptop/dell-inspiron-7440-core-7-n7440c7u161w11ibu,246,33.490.000₫,,100.000₫,RAM 16 GB SSD 1 TB,,
Dell Inspiron 7440 Core 5 120U (N4I5006W1),29.990.000₫,https://www.thegioididong.com/laptop/dell-inspiron-7440-core-5-n4i5006w1,247,30.990.000₫,,100.000₫,RAM 16 GB SSD 1 TB,,
MSI Creator M16 HX C14VFG i7 14700HX (040VN),41.990.000₫,https://www.thegioididong.com/laptop/msi-creator-m16-hx-c14vfg-i7-040vn,248,45.990.000₫,-8%,990.000₫,RAM 32 GB SSD 1 TB,,
MSI Cyborg 15 A13VFK i7 13620H (876VN),27.990.000₫,https://www.thegioididong.com/laptop/msi-cyborg-15-a13vfk-i7-876vn,249,29.990.000₫,-6%,990.000₫,RAM 16 GB SSD 512 GB,,
MSI Gaming Katana 15 B13VGK i7 13620H (1211VN),38.990.000₫,https://www.thegioididong.com/laptop/msi-gaming-katana-15-b13vgk-i7-1211vn,250,41.990.000₫,-7%,990.000₫,RAM 16 GB SSD 1 TB,,
HP Spectre X360 14 eu0050TU Ultra 7 155H (A19BLPA),51.990.000₫,https://www.thegioididong.com/laptop/hp-spectre-x360-14-eu0050tu-ultra-7-a19blpa,251,56.990.000₫,-8%,1.190.000₫,RAM 32 GB SSD 1 TB,,
MSI Gaming Katana A15 AI B8VG R9 8945HS (466VN),38.990.000₫,https://www.thegioididong.com/laptop/msi-katana-a15-ai-b8vg-r9-466vn,252,41.990.000₫,-7%,990.000₫,RAM 16 GB SSD 1 TB,,
MacBook Air 13 inch M2 10GPU,29.190.000₫,https://www.thegioididong.com/laptop/apple-macbook-air-m2-2022-16gb-256gb-10gpu,253,,,,RAM 16 GB SSD 256 GB,,
Apple MacBook Pro 14 inch M3 Pro,49.090.000₫,https://www.thegioididong.com/laptop/apple-macbook-pro-14-inch-m3-pro-2023,254,,,,RAM 18 GB SSD 512 GB,3.2,4 đánh giá
Dell Inspiron 15 3520 i5 1235U (N3520-i5U085W11SLU),15.690.000₫,https://www.thegioididong.com/laptop/dell-inspiron-15-3520-i5-n3520-i5u085w11slu,255,,,100.000₫,RAM 8 GB SSD 512 GB,,
Acer Aspire 3 A315 59 314F i3 1215U (NX.K6TSV.002),13.490.000₫,https://www.thegioididong.com/laptop/acer-aspire-3-a315-59-314f-i3-nxk6tsv002,256,,,990.000₫,RAM 8 GB SSD 256 GB,4.4,59 đánh giá
HP Pavilion 15 eg2034TX i7 1255U (6K780PA),17.790.000₫,https://www.thegioididong.com/laptop/hp-pavilion-15-eg2034tx-i7-6k780pa?utm_flashsale=1,257,24.590.000₫,-27%,1.190.000₫,RAM 8 GB SSD 512 GB,4,13 đánh giá
Asus Vivobook 14 A1405VA i3 1315U (LY097W),12.690.000₫,https://www.thegioididong.com/laptop/asus-vivobook-14-a1405va-i3-ly097w,258,14.990.000₫,-15%,1.090.000₫,RAM 8 GB SSD 512 GB,4.6,8 đánh giá
HP Elitebook 630 G10 i5 1335U (9J0B5PT),20.990.000₫,https://www.thegioididong.com/laptop/hp-elitebook-630-g10-i5-9j0b5pt,259,24.390.000₫,-13%,1.190.000₫,RAM 16 GB SSD 512 GB,,
MacBook Air 15 inch M3,31.290.000₫,https://www.thegioididong.com/laptop/macbook-air-15-inch-m3-2024,260,,,,RAM 8 GB SSD 256 GB,,
Samsung Galaxy Chromebook Go XE310XDA N4500,7.990.000₫,https://www.thegioididong.com/laptop/samsung-galaxy-chromebook-go-xe310xda-n4500,261,9.990.000₫,-20%,,RAM 4 GB eMMC 32 GB,,
Acer Swift Lite 14 AI SFL14 51M 56HS Ultra 5 125U (NX.J1HSV.002),18.990.000₫,https://www.thegioididong.com/laptop/acer-swift-lite-14-ai-sfl14-51m-56hs-ultra-5-nxj1hsv002,262,19.990.000₫,-5%,990.000₫,RAM 16 GB SSD 512 GB,,
MacBook Pro 16 inch M3 Pro,64.490.000₫,https://www.thegioididong.com/laptop/apple-macbook-pro-16-inch-m3-pro-2023-12-core,263,64.990.000₫,,500.000₫,RAM 18 GB SSD 512 GB,,
Asus TUF Gaming A16 FA617NSR R7 7435HS (RL100W),24.990.000₫,https://www.thegioididong.com/laptop/asus-tuf-gaming-a16-fa617nsr-r7-rl100w,264,28.490.000₫,-12%,1.090.000₫,RAM 16 GB SSD 512 GB,,
Asus Gaming ROG Strix SCAR 16 G634JZ i9 13980HX (N4029W),64.590.000₫,https://www.thegioididong.com/laptop/asus-gaming-rog-strix-scar-16-g634j-i9-n4029w,265,86.990.000₫,-25%,1.090.000₫,RAM 32 GB SSD 1 TB,,
HP Elitebook X360 1040 G9 i7 1255U (6Z982PA),35.990.000₫,https://www.thegioididong.com/laptop/hp-elitebook-x360-1040-g9-i7-6z982pa?utm_flashsale=1,266,49.990.000₫,-28%,1.190.000₫,RAM 16 GB SSD 512 GB,,
Dell Inspiron 14 5430 i5 1340P (N5430-i5P165W11SL2050),26.790.000₫,https://www.thegioididong.com/laptop/dell-inspiron-14-5430-i5-i5p165w11sl2050?utm_flashsale=1,267,29.790.000₫,-10%,100.000₫,RAM 16 GB SSD 512 GB,,
HP Elitebook 630 G10 i7 1355U (9J0B7PT),24.490.000₫,https://www.thegioididong.com/laptop/hp-elitebook-630-g10-i7-9j0b7pt,268,28.590.000₫,-14%,1.190.000₫,RAM 16 GB SSD 512 GB,5,1 đánh giá
HP Gaming VICTUS 16 s0140AX R7 7840HS (9Q987PA),31.890.000₫,https://www.thegioididong.com/laptop/hp-victus-16-s0140ax-r7-9q987pa,269,35.890.000₫,-11%,1.190.000₫,RAM 32 GB SSD 512 GB,,
HP Gaming VICTUS 16 s0138AX R7 7840HS (9Q985PA),36.990.000₫,https://www.thegioididong.com/laptop/hp-victus-16-s0138ax-r7-9q985pa,270,41.390.000₫,-10%,1.190.000₫,RAM 32 GB SSD 512 GB,,
Dell G15 5530 i7 13650HX (i7HX161W11GR4060),36.990.000₫,https://www.thegioididong.com/laptop/dell-g15-5530-i7-i7hx161w11gr4060,271,41.990.000₫,-11%,100.000₫,RAM 16 GB SSD 1 TB,,
Dell Latitude 3540 i5 1335U (71038101),19.490.000₫,https://www.thegioididong.com/laptop/dell-latitude-3540-i5-71038101,272,21.490.000₫,-9%,1.090.000₫,RAM 16 GB SSD 512 GB,,
Dell XPS 13 9340 Ultra 5 125H (XPSU5934W1),52.990.000₫,https://www.thegioididong.com/laptop/dell-xps-13-9340-ultra-5-xpsu5934w1,273,56.990.000₫,-7%,100.000₫,RAM 16 GB SSD 2 TB,,
MSI Gaming Stealth 18 Mercedes AMG A1VHG Ultra 9 185H (080VN),97.990.000₫,https://www.thegioididong.com/laptop/msi-stealth-18-mercedes-amg-a1vhg-ultra-9-080vn,274,102.990.000₫,,990.000₫,RAM 64 GB SSD 2 TB,,
MSI Prestige 14 AI Studio C1VEG Ultra 7 155H (056VN),32.990.000₫,https://www.thegioididong.com/laptop/msi-prestige-14-ai-studio-c1veg-ultra-7-056vn,275,36.990.000₫,-10%,990.000₫,RAM 32 GB SSD 1 TB,,
HP Gaming VICTUS 16 r0128TX i5 13450HX (8C5N3PA),28.190.000₫,https://www.thegioididong.com/laptop/hp-gaming-victus-16-r0128tx-i5-8c5n3pa,276,31.690.000₫,-11%,1.190.000₫,RAM 16 GB SSD 512 GB,5,1 đánh giá
HP Gaming VICTUS 16 r0228TX i5 13500H (9Q979PA),29.690.000₫,https://www.thegioididong.com/laptop/hp-victus-16-r0228tx-i5-9q979pa,277,33.290.000₫,-10%,1.190.000₫,RAM 32 GB SSD 512 GB,,
HP Gaming VICTUS 16 r0227TX i5 13500H (9Q978PA),31.090.000₫,https://www.thegioididong.com/laptop/hp-victus-16-r0227tx-i5-9q978pa,278,34.890.000₫,-10%,1.190.000₫,RAM 32 GB SSD 512 GB,,
HP OMEN 16 xf0070AX R9 7940HS (8W945PA),57.890.000₫,https://www.thegioididong.com/laptop/hp-omen-16-xf0070ax-r9-8w945pa,279,62.890.000₫,-7%,1.190.000₫,RAM 32 GB SSD 1 TB,,
MSI Gaming Sword 16 HX B14VEKG i7 14700HX (459VN),32.990.000₫,https://www.thegioididong.com/laptop/msi-sword-16-hx-b14vekg-i7-459vn,280,35.990.000₫,-8%,990.000₫,RAM 16 GB SSD 1 TB,,
Samsung Galaxy Chromebook Go XE340XDA N4500,8.990.000₫,https://www.thegioididong.com/laptop/samsung-galaxy-chromebook-go-xe340xda-n4500,281,11.990.000₫,-25%,,RAM 4 GB eMMC 32 GB,,
HP OMEN 16 xf0071AX R7 7840HS (8W946PA),53.890.000₫,https://www.thegioididong.com/laptop/hp-omen-16-xf0071ax-r7-8w946pa,282,58.890.000₫,-8%,1.190.000₫,RAM 32 GB SSD 1 TB,,
MSI Creator 16 AI Studio A1VIG Ultra 9 185H (078VN),99.990.000₫,https://www.thegioididong.com/laptop/msi-creator-16-ai-studio-a1vig-ultra-9-078vn,283,109.990.000₫,-9%,990.000₫,RAM 64 GB SSD 2 TB,,
MSI Creator Z17 HX Studio A14VGT i7 14700HX (272VN),65.990.000₫,https://www.thegioididong.com/laptop/msi-creator-z17-hx-studio-a14vgt-i7-272vn,284,71.990.000₫,-8%,990.000₫,RAM 32 GB SSD 2 TB,,
Lenovo Gaming Legion Pro 7 16IRX9H i9 14900HX (83DE001MVN),96.990.000₫,https://www.thegioididong.com/laptop/lenovo-legion-pro-7-16irx9h-i9-83de001mvn,285,106.990.000₫,-9%,1.090.000₫,RAM 32 GB SSD 1 TB,,
MacBook Pro 14 inch M3 Max,79.590.000₫,https://www.thegioididong.com/laptop/apple-macbook-pro-14-inch-m3-max-2023-14-core,286,79.990.000₫,,,RAM 36 GB SSD 1 TB,5,1 đánh giá
Lenovo Thinkpad X13 Ultra 7 155H (21LU004LVN),44.990.000₫,https://www.thegioididong.com/laptop/lenovo-thinkpad-x13-ultra-7-21lu004lvn,287,45.590.000₫,,1.090.000₫,RAM 32 GB SSD 1 TB,,
MSI Prestige 14 AI Studio C1UDXG Ultra 7 155H (058VN),26.990.000₫,https://www.thegioididong.com/laptop/msi-prestige-14-ai-studio-c1udxg-ultra-7-058vn,288,30.990.000₫,-12%,990.000₫,RAM 16 GB SSD 1 TB,,
Asus TUF Gaming A15 FA506NFR R7 7435HS (HN113W),19.490.000₫,https://www.thegioididong.com/laptop/asus-fa506nfr-r7-hn113w,289,21.990.000₫,-11%,1.090.000₫,RAM 16 GB SSD 512 GB,,
Dell Inspiron 15 3530 i5 1334U (P16WD2),18.490.000₫,https://www.thegioididong.com/laptop/dell-inspiron-15-3530-i5-p16wd2,290,19.190.000₫,,100.000₫,RAM 16 GB SSD 512 GB,,
Asus TUF Gaming A15 FA506NCR R7 7435HS (HN097W),23.490.000₫,https://www.thegioididong.com/laptop/asus-fa506ncr-r7-hn097w,291,,,1.090.000₫,RAM 16 GB SSD 512 GB,,
